SEQ,PLANNED_IN_DT,PLANNED_OUT_DT,SCOPEINLOCATION,SCOPEOUTLOCATION,EXTERNALCODE,CODE,IE,PORT_FROM,VOYELM_TOTALTEU,VOYELM_TOTALWEIGHT,VOYELM_MAXTEU,TOTAL20,TOTAL30,TOTAL40,UNITEXP_VOYAGE_EXP
38061,2026-02-02 07:00:00+00:00,2026-02-02 22:00:00+00:00,HEINENOORDTUNNEL,HEINENOORDTUNNEL,38061.0,"ANT0760,ANT0761","E,I","ROTTE,VEGHE",295.0,776218.0,156.0,34.0,0.0,111.0,0
38082,2026-02-03 10:00:00+00:00,2026-02-04 08:00:00+00:00,HEINENOORDTUNNEL,HEINENOORDTUNNEL,38082.0,"MEY0156,MEY0157","E,I","ROTTE,TIEL",231.5,1298777.0,156.0,0.0,0.0,69.0,0
38100,2026-02-03 10:00:00+00:00,2026-02-04 07:00:00+00:00,HEINENOORDTUNNEL,HEINENOORDTUNNEL,38100.0,"ALL0036,ALL0037","E,I","ROTTE,VEGHE",0.0,0.0,90.0,40.0,0.0,14.0,0
38102,2026-02-04 20:00:00+00:00,2026-02-05 08:00:00+00:00,HEINENOORDTUNNEL,HEINENOORDTUNNEL,38102.0,"ALF1968,ALF1969","E,I","ROTTE,VEGHE",0.0,0.0,90.0,24.0,0.0,27.0,0
38120,2026-02-02 21:00:00+00:00,2026-02-04 08:00:00+00:00,BRIENENOORDBRUG,HEINENOORDTUNNEL,38120.0,"AMI0223,AMI0224","E,I","ROTTE,VEGHE",524.0,3834228.0,208.0,36.0,0.0,163.0,0
38121,2026-02-04 08:00:00+00:00,2026-02-05 09:00:00+00:00,HEINENOORDTUNNEL,HEINENOORDTUNNEL,38121.0,"AFS0757,AFS0758","E,I","KAT,ROTTE",333.0,1634986.0,156.0,23.0,0.0,87.0,0
38122,2026-02-09 07:30:00+00:00,2026-02-10 08:00:00+00:00,HEINENOORDTUNNEL,HEINENOORDTUNNEL,38122.0,"ANT0764,ANT0765","E,I","ROTTE,VEGHE",367.0,969648.0,156.0,39.0,0.0,107.0,0
38140,2026-02-02 15:00:00+00:00,2026-02-03 06:00:00+00:00,HEINENOORDTUNNEL,HEINENOORDTUNNEL,38140.0,"LRD0212,LRD0213","E,I","OSS,ROTTE",235.0,3830654.0,105.0,46.0,0.0,58.0,0
38160,2026-02-03 14:30:00+00:00,2026-02-04 05:00:00+00:00,HEINENOORDTUNNEL,HEINENOORDTUNNEL,38160.0,"FRS0860,FRS0861","E,I","OSS,ROTTE",461.0,3281621.0,156.0,29.0,0.0,139.0,0
38161,2026-02-08 18:00:00+00:00,2026-02-09 10:00:00+00:00,HEINENOORDTUNNEL,HEINENOORDTUNNEL,38161.0,"MEY0160,MEY0161","E,I","OSS,ROTTE",287.0,2159142.0,156.0,20.0,0.0,84.0,0
38162,2026-02-04 10:00:00+00:00,2026-02-04 20:00:00+00:00,HEINENOORDTUNNEL,HEINENOORDTUNNEL,38162.0,VIC2713,E,VEGHE,0.0,0.0,104.0,0.0,0.0,54.0,0
38180,2026-02-05 14:00:00+00:00,2026-02-06 14:00:00+00:00,HEINENOORDTUNNEL,HEINENOORDTUNNEL,38180.0,"ALL0038,ALL0039","E,I","ROTTE,VEGHE",76.0,583200.0,90.0,6.0,0.0,17.0,0
38201,2026-02-03 21:00:00+00:00,2026-02-04 18:00:00+00:00,HEINENOORDTUNNEL,HEINENOORDTUNNEL,38201.0,"DEC0072,DEC0073","E,I","ROTTE,VEGHE",138.0,1110955.0,81.0,26.0,0.0,20.0,0
38202,2026-02-05 19:00:00+00:00,2026-02-06 08:00:00+00:00,HEINENOORDTUNNEL,HEINENOORDTUNNEL,38202.0,"LRD0214,LRD0215","E,I","ROTTE,VEGHE",191.0,3529007.0,105.0,44.0,0.0,53.0,0
38220,2026-02-04 08:00:00+00:00,2026-02-05 04:00:00+00:00,HEINENOORDTUNNEL,HEINENOORDTUNNEL,38220.0,"ANT0762,ANT0763","E,I","ROTTE,VEGHE",214.0,1659754.0,156.0,0.0,0.0,26.0,0
38221,2026-02-06 04:00:00+00:00,2026-02-07 20:00:00+00:00,HEINENOORDTUNNEL,HEINENOORDTUNNEL,38221.0,"AMI0225,AMI0226","E,I","OSS,ROTTE",562.0,3805030.0,208.0,30.0,0.0,158.0,0
38222,2026-02-05 21:00:00+00:00,2026-02-06 20:00:00+00:00,HEINENOORDTUNNEL,HEINENOORDTUNNEL,38222.0,"DEC0074,DEC0075","E,I","ROTTE,VEGHE",96.0,764685.0,81.0,14.0,0.0,41.0,5
38240,2026-02-06 18:30:00+00:00,2026-02-07 21:00:00+00:00,HEINENOORDTUNNEL,HEINENOORDTUNNEL,38240.0,"AFS0759,AFS0760","E,I","ROTTE,TIEL",481.0,3353570.0,156.0,40.0,0.0,109.0,0
38260,2026-02-05 14:30:00+00:00,2026-02-06 14:00:00+00:00,HEINENOORDTUNNEL,HEINENOORDTUNNEL,38260.0,"VIC2715,VIC2716","E,I","ROTTE,VEGHE",0.0,0.0,104.0,4.0,0.0,87.0,0
38280,2026-02-06 00:00:00+00:00,2026-02-06 15:00:00+00:00,HEINENOORDTUNNEL,HEINENOORDTUNNEL,38280.0,"FRS0862,FRS0863","E,I","ROTTE,TIEL",207.0,1335416.0,156.0,9.0,0.0,144.0,0
38281,2026-02-07 17:00:00+00:00,2026-02-08 18:00:00+00:00,HEINENOORDTUNNEL,HEINENOORDTUNNEL,38281.0,"LRD0216,LRD0217","E,I","ROTTE,VEGHE",125.0,1202138.0,105.0,13.0,0.0,40.0,0
38300,2026-02-08 00:00:00+00:00,2026-02-09 03:00:00+00:00,HEINENOORDTUNNEL,HEINENOORDTUNNEL,38300.0,"FRS0864,FRS0865","E,I","KAT,ROTTE",341.0,2577783.0,156.0,7.0,0.0,144.0,0
38301,2026-02-10 12:30:00+00:00,2026-02-11 05:00:00+00:00,HEINENOORDTUNNEL,HEINENOORDTUNNEL,38301.0,"FRS0866,FRS0867","E,I","OSS,ROTTE",407.0,1975173.0,156.0,2.0,0.0,143.0,1
38320,2026-02-10 08:00:00+00:00,2026-02-11 10:00:00+00:00,HEINENOORDTUNNEL,HEINENOORDTUNNEL,38320.0,"AFS0761,AFS0762","E,I","OSS,ROTTE",450.0,2859536.0,156.0,12.0,0.0,106.0,0
38321,2026-02-10 17:00:00+00:00,2026-02-11 12:00:00+00:00,BRIENENOORDBRUG,HEINENOORDTUNNEL,38321.0,"AMI0227,AMI0228","E,I","OSS,ROTTE",627.0,5363545.0,208.0,22.0,0.0,190.0,1
38340,2026-02-08 13:00:00+00:00,2026-02-09 08:00:00+00:00,HEINENOORDTUNNEL,HEINENOORDTUNNEL,38340.0,"VIC2717,VIC2718","E,I","ROTTE,VEGHE",0.0,0.0,104.0,25.0,0.0,77.0,6
38360,2026-02-10 09:00:00+00:00,2026-02-11 08:00:00+00:00,HEINENOORDTUNNEL,HEINENOORDTUNNEL,38360.0,"ALL0040,ALL0041","E,I","ROTTE,VEGHE",60.0,116500.0,90.0,,,,4
38361,2026-02-09 19:00:00+00:00,2026-02-10 14:00:00+00:00,HEINENOORDTUNNEL,HEINENOORDTUNNEL,38361.0,"ALF1972,ALF1973","E,I","ROTTE,VEGHE",0.0,0.0,90.0,0.0,0.0,52.0,0
38380,2026-02-11 08:00:00+00:00,2026-02-12 08:00:00+00:00,HEINENOORDTUNNEL,HEINENOORDTUNNEL,38380.0,"MEY0162,MEY0163","E,I","KAT,ROTTE",201.25,1593439.0,156.0,20.0,0.0,51.0,5
38401,2026-02-09 10:00:00+00:00,2026-02-10 12:00:00+00:00,HEINENOORDTUNNEL,HEINENOORDTUNNEL,38401.0,"DEC0076,DEC0077","E,I","ROTTE,VEGHE",146.0,1363724.0,81.0,89.0,0.0,29.0,1
38421,2026-02-10 17:00:00+00:00,2026-02-11 08:00:00+00:00,HEINENOORDTUNNEL,HEINENOORDTUNNEL,38421.0,"VIC2719,VIC2720","E,I","ROTTE,VEGHE",72.0,476246.0,108.0,20.0,0.0,79.0,2
38440,2026-02-14 08:00:00+00:00,2026-02-14 15:00:00+00:00,HEINENOORDTUNNEL,HEINENOORDTUNNEL,38440.0,"AMI0229,AMI0230","E,I","KAT,ROTTE",409.0,3527570.0,208.0,22.0,0.0,131.0,41
38441,2026-02-10 11:00:00+00:00,2026-02-11 14:00:00+00:00,BRIENENOORDBRUG,HEINENOORDTUNNEL,38441.0,"LRD0218,LRD0219","E,I","OSS,ROTTE",168.0,1768422.0,105.0,16.0,0.0,67.0,4
38460,2026-02-11 17:00:00+00:00,2026-02-12 13:00:00+00:00,HEINENOORDTUNNEL,HEINENOORDTUNNEL,38460.0,"ALF1974,ALF1975","E,I","ROTTE,VEGHE",0.0,0.0,90.0,13.0,0.0,81.0,7
38480,2026-02-14 15:00:00+00:00,2026-02-16 08:00:00+00:00,HEINENOORDTUNNEL,HEINENOORDTUNNEL,38480.0,"AFS0763,AFS0764","E,I","ROTTE,VEGHE",421.0,2990661.0,156.0,28.0,0.0,128.0,15
38481,2026-02-12 08:00:00+00:00,2026-02-12 18:00:00+00:00,HEINENOORDTUNNEL,HEINENOORDTUNNEL,38481.0,"LRD0220,LRD0221","E,I","ROTTE,VEGHE",155.0,1297904.0,105.0,1.0,0.0,77.0,3
38500,2026-02-11 14:00:00+00:00,2026-02-12 06:00:00+00:00,HEINENOORDTUNNEL,HEINENOORDTUNNEL,38500.0,"DEC0078,DEC0079","E,I","ROTTE,VEGHE",134.75,1060193.0,81.0,0.0,0.0,1.0,1
38501,2026-02-12 14:00:00+00:00,2026-02-13 15:00:00+00:00,BRIENENOORDBRUG,HEINENOORDTUNNEL,38501.0,"ALL0042,ALL0043","E,I","ROTTE,VEGHE",0.0,0.0,90.0,5.0,0.0,34.0,3
38520,2026-02-12 15:30:00+00:00,2026-02-13 13:00:00+00:00,HEINENOORDTUNNEL,HEINENOORDTUNNEL,38520.0,"VIC2721,VIC2722","E,I","ROTTE,VEGHE",55.0,238099.0,108.0,0.0,0.0,63.0,6
38522,2026-02-13 14:00:00+00:00,2026-02-14 14:00:00+00:00,HEINENOORDTUNNEL,HEINENOORDTUNNEL,38522.0,DEC0080,E,VEGHE,72.0,768376.0,81.0,4.0,0.0,34.0,9
38523,2026-02-16 07:00:00+00:00,2026-02-17 06:00:00+00:00,HEINENOORDTUNNEL,HEINENOORDTUNNEL,38523.0,"ANT0768,ANT0769","E,I","ROTTE,VEGHE",315.0,656325.0,156.0,28.0,0.0,88.0,13
38540,2026-02-13 16:00:00+00:00,2026-02-14 19:00:00+00:00,HEINENOORDTUNNEL,HEINENOORDTUNNEL,38540.0,"MEY0164,MEY0165","E,I","KAT,ROTTE",322.0,3905565.0,156.0,29.0,0.0,90.0,2
38541,2026-02-12 18:00:00+00:00,2026-02-13 15:00:00+00:00,HEINENOORDTUNNEL,HEINENOORDTUNNEL,38541.0,"FRS0868,FRS0869","E,I","KAT,ROTTE",436.0,3689505.0,156.0,27.0,0.0,137.0,3
38542,2026-02-15 15:00:00+00:00,2026-02-16 08:00:00+00:00,HEINENOORDTUNNEL,HEINENOORDTUNNEL,38542.0,"VIC2723,VIC2724","E,I","ROTTE,VEGHE",0.0,0.0,108.0,32.0,0.0,56.0,0
38543,2026-02-15 04:00:00+00:00,2026-02-16 08:00:00+00:00,HEINENOORDTUNNEL,HEINENOORDTUNNEL,38543.0,"FRS0870,FRS0871","E,I","OSS,ROTTE",249.0,1144841.0,156.0,1.0,0.0,123.0,4
38544,2026-02-17 09:00:00+00:00,2026-02-18 10:00:00+00:00,HEINENOORDTUNNEL,HEINENOORDTUNNEL,38544.0,"MEY0166,MEY0167","E,I","OSS,ROTTE",357.0,1685844.0,156.0,19.0,0.0,155.0,31
38545,2026-02-17 09:00:00+00:00,2026-02-18 08:00:00+00:00,HEINENOORDTUNNEL,HEINENOORDTUNNEL,38545.0,"ALL0044,ALL0045","E,I","ROTTE,VEGHE",72.0,164700.0,90.0,36.0,0.0,18.0,7
38560,2026-02-18 07:00:00+00:00,2026-02-19 12:00:00+00:00,HEINENOORDTUNNEL,HEINENOORDTUNNEL,38560.0,"ALF1980,ALF1981,ANT0770,ANT0771","E,I","ROTTE,VEGHE",317.5,1925489.0,156.0,9.0,0.0,95.0,0
38580,2026-02-23 07:00:00+00:00,2026-02-23 18:00:00+00:00,HEINENOORDTUNNEL,HEINENOORDTUNNEL,38580.0,"ANT0772,ANT0773","E,I","ROTTE,VEGHE",190.0,1157353.0,156.0,8.0,0.0,101.0,42
38620,2026-02-18 07:00:00+00:00,2026-02-19 05:00:00+00:00,BRIENENOORDBRUG,HEINENOORDTUNNEL,38620.0,"AFS0765,AFS0766","E,I","ROTTE,TIEL",283.0,1655793.0,156.0,63.0,0.0,70.0,13
38640,2026-02-17 10:00:00+00:00,2026-02-18 12:00:00+00:00,HEINENOORDTUNNEL,HEINENOORDTUNNEL,38640.0,"AMI0231,AMI0232","E,I","ROTTE,TIEL",424.0,2764060.0,208.0,6.0,0.0,138.0,39
38641,2026-02-16 13:00:00+00:00,2026-02-16 22:00:00+00:00,HEINENOORDTUNNEL,HEINENOORDTUNNEL,38641.0,"FRS0874,FRS0875,LRD0222,LRD0223","E,I","OSS,ROTTE,TIEL",604.0,5425896.0,156.0,18.0,0.0,60.0,4
38643,2026-02-17 15:30:00+00:00,2026-02-18 08:00:00+00:00,HEINENOORDTUNNEL,HEINENOORDTUNNEL,38643.0,"VIC2725,VIC2726","E,I","ROTTE,VEGHE",48.0,356213.0,108.0,16.0,0.0,52.0,0
38661,2026-02-19 13:00:00+00:00,2026-02-20 12:00:00+00:00,BRIENENOORDBRUG,HEINENOORDTUNNEL,38661.0,"ALL0046,ALL0047","E,I","ROTTE,VEGHE",92.0,1087202.0,90.0,0.0,0.0,42.0,1
38680,2026-02-13 19:00:00+00:00,2026-02-14 19:00:00+00:00,HEINENOORDTUNNEL,HEINENOORDTUNNEL,38680.0,"ALF1976,ALF1977","E,I","ROTTE,VEGHE",90.0,781134.0,90.0,0.0,0.0,45.0,4
38681,2026-02-17 21:00:00+00:00,2026-02-18 10:00:00+00:00,BRIENENOORDBRUG,HEINENOORDTUNNEL,38681.0,"FRS0872,FRS0873","E,I","KAT,ROTTE",592.0,5405362.0,156.0,11.0,0.0,163.0,2
38701,2026-02-16 17:00:00+00:00,2026-02-17 09:00:00+00:00,HEINENOORDTUNNEL,HEINENOORDTUNNEL,38701.0,LEE0057,I,ROTTE,0.0,0.0,90.0,10.0,0.0,3.0,0
38720,2026-02-19 17:00:00+00:00,2026-02-20 15:00:00+00:00,BRIENENOORDBRUG,HEINENOORDTUNNEL,38720.0,"MEY0168,MEY0169","E,I","KAT,ROTTE",75.25,148700.0,156.0,7.0,0.0,33.0,12
38740,2026-02-18 13:00:00+00:00,2026-02-19 02:00:00+00:00,HEINENOORDTUNNEL,HEINENOORDTUNNEL,38740.0,"LRD0224,LRD0225","E,I","ROTTE,VEGHE",163.0,2543441.0,105.0,23.0,0.0,76.0,7
38741,2026-02-22 10:00:00+00:00,2026-02-23 08:00:00+00:00,HEINENOORDTUNNEL,HEINENOORDTUNNEL,38741.0,"MEY0170,MEY0171","E,I","KAT,ROTTE",254.0,2640427.0,156.0,2.0,0.0,116.0,0
38761,2026-02-19 15:00:00+00:00,2026-02-20 12:00:00+00:00,HEINENOORDTUNNEL,HEINENOORDTUNNEL,38761.0,"VIC2727,VIC2728","E,I","ROTTE,VEGHE",0.0,0.0,108.0,4.0,0.0,69.0,4
38762,2026-02-18 17:00:00+00:00,2026-02-18 23:30:00+00:00,BRIENENOORDBRUG,BRIENENOORDBRUG,38762.0,LEH0043,E,TIEL,78.0,152100.0,90.0,0.0,0.0,39.0,1
38764,2026-02-20 20:00:00+00:00,2026-02-21 18:00:00+00:00,HEINENOORDTUNNEL,HEINENOORDTUNNEL,38764.0,"AFS0767,AFS0768","E,I","ROTTE,TIEL",278.0,1795851.0,156.0,25.0,0.0,74.0,8
38780,2026-02-20 09:00:00+00:00,2026-02-21 08:00:00+00:00,HEINENOORDTUNNEL,HEINENOORDTUNNEL,38780.0,"AMI0233,AMI0234","E,I","ROTTE,TIEL",389.0,2931494.0,208.0,23.0,0.0,124.0,23
38800,2026-02-20 23:00:00+00:00,2026-02-21 18:00:00+00:00,HEINENOORDTUNNEL,HEINENOORDTUNNEL,38800.0,"LRD0226,LRD0227","E,I","OSS,ROTTE",133.0,2282351.0,105.0,33.0,0.0,67.0,29
38801,2026-02-22 15:00:00+00:00,2026-02-23 08:00:00+00:00,HEINENOORDTUNNEL,HEINENOORDTUNNEL,38801.0,"VIC2729,VIC2730","E,I","ROTTE,VEGHE",0.0,0.0,108.0,38.0,0.0,68.0,25
38820,2026-02-23 20:00:00+00:00,2026-02-25 11:00:00+00:00,HEINENOORDTUNNEL,HEINENOORDTUNNEL,38820.0,"AFS0769,AFS0770","E,I","OSS,ROTTE",261.0,1131260.0,156.0,4.0,0.0,107.0,26
38821,2026-02-23 18:00:00+00:00,2026-02-25 08:00:00+00:00,HEINENOORDTUNNEL,HEINENOORDTUNNEL,38821.0,"ALF1984,ALF1985","E,I","ROTTE,VEGHE",52.0,121800.0,90.0,0.0,0.0,26.0,6
38840,2026-02-22 14:30:00+00:00,2026-02-23 07:00:00+00:00,HEINENOORDTUNNEL,HEINENOORDTUNNEL,38840.0,"FRS0876,FRS0877","E,I","ROTTE,TIEL",259.0,2241336.0,156.0,8.0,0.0,144.0,19
38860,2026-02-25 11:00:00+00:00,2026-02-26 09:00:00+00:00,HEINENOORDTUNNEL,HEINENOORDTUNNEL,38860.0,"MEY0172,MEY0173","E,I","ROTTE,TIEL",78.0,212653.0,156.0,12.0,0.0,28.0,10
38861,2026-02-24 06:00:00+00:00,2026-02-25 12:00:00+00:00,HEINENOORDTUNNEL,HEINENOORDTUNNEL,38861.0,"ALL0048,ALL0049","E,I","ROTTE,VEGHE",76.5,831734.0,90.0,1.0,0.0,10.0,0
38880,2026-02-20 15:00:00+00:00,2026-02-20 23:00:00+00:00,HEINENOORDTUNNEL,HEINENOORDTUNNEL,38880.0,AMO0001,E,OSS,0.0,0.0,72.0,0.0,0.0,36.0,0
38900,2026-02-23 07:00:00+00:00,2026-02-24 10:00:00+00:00,HEINENOORDTUNNEL,HEINENOORDTUNNEL,38900.0,"LEE0060,LEE0061","E,I","ROTTE,VEGHE",160.0,483158.0,90.0,16.0,0.0,62.0,33
38920,2026-02-25 09:00:00+00:00,2026-02-25 15:00:00+00:00,HEINENOORDTUNNEL,HEINENOORDTUNNEL,38920.0,AMI0235,I,ROTTE,0.0,0.0,208.0,5.0,0.0,58.0,0
38940,2026-02-23 07:00:00+00:00,2026-02-23 23:00:00+00:00,HEINENOORDTUNNEL,HEINENOORDTUNNEL,38940.0,"LRD0228,LRD0229","E,I","ROTTE,VEGHE",138.0,2087191.0,105.0,22.0,0.0,58.0,10
38941,2026-02-24 17:00:00+00:00,2026-02-25 10:00:00+00:00,HEINENOORDTUNNEL,HEINENOORDTUNNEL,38941.0,"VIC2731,VIC2732","E,I","ROTTE,VEGHE",0.0,0.0,108.0,14.0,0.0,70.0,2
38960,2026-02-26 16:00:00+00:00,2026-02-27 12:00:00+00:00,BRIENENOORDBRUG,HEINENOORDTUNNEL,38960.0,"AFS0771,AFS0772","E,I","ROTTE,TIEL",93.0,195400.0,156.0,22.0,0.0,66.0,24
38961,2026-02-24 15:00:00+00:00,2026-02-25 08:00:00+00:00,HEINENOORDTUNNEL,HEINENOORDTUNNEL,38961.0,"FRS0878,FRS0879","E,I","OSS,ROTTE",0.0,0.0,156.0,6.0,0.0,134.0,0
38980,2026-02-26 19:30:00+00:00,2026-02-27 12:00:00+00:00,HEINENOORDTUNNEL,HEINENOORDTUNNEL,38980.0,"ALL0050,ALL0051","E,I","ROTTE,VEGHE",0.0,0.0,90.0,0.0,0.0,60.0,0
38981,2026-02-25 08:00:00+00:00,2026-02-26 08:00:00+00:00,HEINENOORDTUNNEL,HEINENOORDTUNNEL,38981.0,"ANT0774,ANT0775","E,I","ROTTE,VEGHE",0.0,0.0,156.0,1.0,0.0,13.0,3
38983,2026-03-01 15:00:00+00:00,2026-03-02 12:00:00+00:00,HEINENOORDTUNNEL,HEINENOORDTUNNEL,38983.0,"AFS0773,AFS0774","E,I","KAT,ROTTE",0.0,0.0,156.0,12.0,0.0,69.0,44
39021,2026-02-25 17:00:00+00:00,2026-02-26 12:00:00+00:00,HEINENOORDTUNNEL,HEINENOORDTUNNEL,39021.0,"LEE0062,LEE0063","E,I","ROTTE,VEGHE",0.0,0.0,90.0,6.0,0.0,57.0,0
