BARGE,SEQ,PLANNED_IN_DT,PLANNED_OUT_DT,EXTERNALCODE,CODE,PORT_FROM,IE,SCOPEINLOCATION,SCOPEOUTLOCATION
AFS,38121,2026-02-04 08:00:00+00:00,2026-02-05 09:00:00+00:00,38121.0,AFS0757,KAT,E,HEINENOORDTUNNEL,HEINENOORDTUNNEL
AFS,38121,2026-02-04 08:00:00+00:00,2026-02-05 09:00:00+00:00,38121.0,AFS0758,ROTTE,I,HEINENOORDTUNNEL,HEINENOORDTUNNEL
AFS,38240,2026-02-06 18:30:00+00:00,2026-02-07 21:00:00+00:00,38240.0,AFS0759,TIEL,E,HEINENOORDTUNNEL,HEINENOORDTUNNEL
AFS,38240,2026-02-06 18:30:00+00:00,2026-02-07 21:00:00+00:00,38240.0,AFS0760,ROTTE,I,HEINENOORDTUNNEL,HEINENOORDTUNNEL
AFS,38320,2026-02-10 08:00:00+00:00,2026-02-11 10:00:00+00:00,38320.0,AFS0761,OSS,E,HEINENOORDTUNNEL,HEINENOORDTUNNEL
AFS,38320,2026-02-10 08:00:00+00:00,2026-02-11 10:00:00+00:00,38320.0,AFS0762,ROTTE,I,HEINENOORDTUNNEL,HEINENOORDTUNNEL
AFS,38480,2026-02-14 15:00:00+00:00,2026-02-16 08:00:00+00:00,38480.0,AFS0763,VEGHE,E,HEINENOORDTUNNEL,HEINENOORDTUNNEL
AFS,38480,2026-02-14 15:00:00+00:00,2026-02-16 08:00:00+00:00,38480.0,AFS0764,ROTTE,I,HEINENOORDTUNNEL,HEINENOORDTUNNEL
AFS,38620,2026-02-18 07:00:00+00:00,2026-02-19 05:00:00+00:00,38620.0,AFS0765,TIEL,E,BRIENENOORDBRUG,HEINENOORDTUNNEL
AFS,38620,2026-02-18 07:00:00+00:00,2026-02-19 05:00:00+00:00,38620.0,AFS0766,ROTTE,I,BRIENENOORDBRUG,HEINENOORDTUNNEL
AFS,38764,2026-02-20 20:00:00+00:00,2026-02-21 18:00:00+00:00,38764.0,AFS0767,TIEL,E,HEINENOORDTUNNEL,HEINENOORDTUNNEL
AFS,38764,2026-02-20 20:00:00+00:00,2026-02-21 18:00:00+00:00,38764.0,AFS0768,ROTTE,I,HEINENOORDTUNNEL,HEINENOORDTUNNEL
AFS,38820,2026-02-23 20:00:00+00:00,2026-02-25 11:00:00+00:00,38820.0,AFS0769,OSS,E,HEINENOORDTUNNEL,HEINENOORDTUNNEL
AFS,38820,2026-02-23 20:00:00+00:00,2026-02-25 11:00:00+00:00,38820.0,AFS0770,ROTTE,I,HEINENOORDTUNNEL,HEINENOORDTUNNEL
AFS,38960,2026-02-26 16:00:00+00:00,2026-02-27 12:00:00+00:00,38960.0,AFS0771,TIEL,E,BRIENENOORDBRUG,HEINENOORDTUNNEL
AFS,38960,2026-02-26 16:00:00+00:00,2026-02-27 12:00:00+00:00,38960.0,AFS0772,ROTTE,I,BRIENENOORDBRUG,HEINENOORDTUNNEL
AFS,38983,2026-03-01 15:00:00+00:00,2026-03-02 12:00:00+00:00,38983.0,AFS0773,KAT,E,HEINENOORDTUNNEL,HEINENOORDTUNNEL
AFS,38983,2026-03-01 15:00:00+00:00,2026-03-02 12:00:00+00:00,38983.0,AFS0774,ROTTE,I,HEINENOORDTUNNEL,HEINENOORDTUNNEL
ALF,38102,2026-02-04 20:00:00+00:00,2026-02-05 08:00:00+00:00,38102.0,ALF1968,VEGHE,E,HEINENOORDTUNNEL,HEINENOORDTUNNEL
ALF,38102,2026-02-04 20:00:00+00:00,2026-02-05 08:00:00+00:00,38102.0,ALF1969,ROTTE,I,HEINENOORDTUNNEL,HEINENOORDTUNNEL
ALF,38361,2026-02-09 19:00:00+00:00,2026-02-10 14:00:00+00:00,38361.0,ALF1972,VEGHE,E,HEINENOORDTUNNEL,HEINENOORDTUNNEL
ALF,38361,2026-02-09 19:00:00+00:00,2026-02-10 14:00:00+00:00,38361.0,ALF1973,ROTTE,I,HEINENOORDTUNNEL,HEINENOORDTUNNEL
ALF,38460,2026-02-11 17:00:00+00:00,2026-02-12 13:00:00+00:00,38460.0,ALF1974,VEGHE,E,HEINENOORDTUNNEL,HEINENOORDTUNNEL
ALF,38460,2026-02-11 17:00:00+00:00,2026-02-12 13:00:00+00:00,38460.0,ALF1975,ROTTE,I,HEINENOORDTUNNEL,HEINENOORDTUNNEL
ALF,38680,2026-02-13 19:00:00+00:00,2026-02-14 19:00:00+00:00,38680.0,ALF1976,VEGHE,E,HEINENOORDTUNNEL,HEINENOORDTUNNEL
ALF,38680,2026-02-13 19:00:00+00:00,2026-02-14 19:00:00+00:00,38680.0,ALF1977,ROTTE,I,HEINENOORDTUNNEL,HEINENOORDTUNNEL
ALF,38660,2026-02-18 20:00:00+00:00,2026-02-19 12:00:00+00:00,,,,,HEINENOORDTUNNEL,HEINENOORDTUNNEL
ALF,38821,2026-02-23 18:00:00+00:00,2026-02-25 08:00:00+00:00,38821.0,ALF1984,VEGHE,E,HEINENOORDTUNNEL,HEINENOORDTUNNEL
ALF,38821,2026-02-23 18:00:00+00:00,2026-02-25 08:00:00+00:00,38821.0,ALF1985,ROTTE,I,HEINENOORDTUNNEL,HEINENOORDTUNNEL
ALF,39020,2026-02-26 15:00:00+00:00,2026-02-27 12:00:00+00:00,,,,,HEINENOORDTUNNEL,HEINENOORDTUNNEL
ALL,38100,2026-02-03 10:00:00+00:00,2026-02-04 07:00:00+00:00,38100.0,ALL0036,VEGHE,E,HEINENOORDTUNNEL,HEINENOORDTUNNEL
ALL,38100,2026-02-03 10:00:00+00:00,2026-02-04 07:00:00+00:00,38100.0,ALL0037,ROTTE,I,HEINENOORDTUNNEL,HEINENOORDTUNNEL
ALL,38180,2026-02-05 14:00:00+00:00,2026-02-06 14:00:00+00:00,38180.0,ALL0038,VEGHE,E,HEINENOORDTUNNEL,HEINENOORDTUNNEL
ALL,38180,2026-02-05 14:00:00+00:00,2026-02-06 14:00:00+00:00,38180.0,ALL0039,ROTTE,I,HEINENOORDTUNNEL,HEINENOORDTUNNEL
ALL,38360,2026-02-10 09:00:00+00:00,2026-02-11 08:00:00+00:00,38360.0,ALL0040,VEGHE,E,HEINENOORDTUNNEL,HEINENOORDTUNNEL
ALL,38360,2026-02-10 09:00:00+00:00,2026-02-11 08:00:00+00:00,38360.0,ALL0041,ROTTE,I,HEINENOORDTUNNEL,HEINENOORDTUNNEL
ALL,38501,2026-02-12 14:00:00+00:00,2026-02-13 15:00:00+00:00,38501.0,ALL0042,VEGHE,E,BRIENENOORDBRUG,HEINENOORDTUNNEL
ALL,38501,2026-02-12 14:00:00+00:00,2026-02-13 15:00:00+00:00,38501.0,ALL0043,ROTTE,I,BRIENENOORDBRUG,HEINENOORDTUNNEL
ALL,38545,2026-02-17 09:00:00+00:00,2026-02-18 08:00:00+00:00,38545.0,ALL0044,VEGHE,E,HEINENOORDTUNNEL,HEINENOORDTUNNEL
ALL,38545,2026-02-17 09:00:00+00:00,2026-02-18 08:00:00+00:00,38545.0,ALL0045,ROTTE,I,HEINENOORDTUNNEL,HEINENOORDTUNNEL
ALL,38661,2026-02-19 13:00:00+00:00,2026-02-20 12:00:00+00:00,38661.0,ALL0046,VEGHE,E,BRIENENOORDBRUG,HEINENOORDTUNNEL
ALL,38661,2026-02-19 13:00:00+00:00,2026-02-20 12:00:00+00:00,38661.0,ALL0047,ROTTE,I,BRIENENOORDBRUG,HEINENOORDTUNNEL
ALL,38861,2026-02-24 06:00:00+00:00,2026-02-25 12:00:00+00:00,38861.0,ALL0048,VEGHE,E,HEINENOORDTUNNEL,HEINENOORDTUNNEL
ALL,38861,2026-02-24 06:00:00+00:00,2026-02-25 12:00:00+00:00,38861.0,ALL0049,ROTTE,I,HEINENOORDTUNNEL,HEINENOORDTUNNEL
ALL,38980,2026-02-26 19:30:00+00:00,2026-02-27 12:00:00+00:00,38980.0,ALL0050,VEGHE,E,HEINENOORDTUNNEL,HEINENOORDTUNNEL
ALL,38980,2026-02-26 19:30:00+00:00,2026-02-27 12:00:00+00:00,38980.0,ALL0051,ROTTE,I,HEINENOORDTUNNEL,HEINENOORDTUNNEL
AMI,38120,2026-02-02 21:00:00+00:00,2026-02-04 08:00:00+00:00,38120.0,AMI0223,VEGHE,E,BRIENENOORDBRUG,HEINENOORDTUNNEL
AMI,38120,2026-02-02 21:00:00+00:00,2026-02-04 08:00:00+00:00,38120.0,AMI0224,ROTTE,I,BRIENENOORDBRUG,HEINENOORDTUNNEL
AMI,38221,2026-02-06 04:00:00+00:00,2026-02-07 20:00:00+00:00,38221.0,AMI0225,OSS,E,HEINENOORDTUNNEL,HEINENOORDTUNNEL
AMI,38221,2026-02-06 04:00:00+00:00,2026-02-07 20:00:00+00:00,38221.0,AMI0226,ROTTE,I,HEINENOORDTUNNEL,HEINENOORDTUNNEL
AMI,38321,2026-02-10 17:00:00+00:00,2026-02-11 12:00:00+00:00,38321.0,AMI0227,OSS,E,BRIENENOORDBRUG,HEINENOORDTUNNEL
AMI,38321,2026-02-10 17:00:00+00:00,2026-02-11 12:00:00+00:00,38321.0,AMI0228,ROTTE,I,BRIENENOORDBRUG,HEINENOORDTUNNEL
AMI,38440,2026-02-14 08:00:00+00:00,2026-02-14 15:00:00+00:00,38440.0,AMI0229,KAT,E,HEINENOORDTUNNEL,HEINENOORDTUNNEL
AMI,38440,2026-02-14 08:00:00+00:00,2026-02-14 15:00:00+00:00,38440.0,AMI0230,ROTTE,I,HEINENOORDTUNNEL,HEINENOORDTUNNEL
AMI,38640,2026-02-17 10:00:00+00:00,2026-02-18 12:00:00+00:00,38640.0,AMI0231,TIEL,E,HEINENOORDTUNNEL,HEINENOORDTUNNEL
AMI,38640,2026-02-17 10:00:00+00:00,2026-02-18 12:00:00+00:00,38640.0,AMI0232,ROTTE,I,HEINENOORDTUNNEL,HEINENOORDTUNNEL
AMI,38780,2026-02-20 09:00:00+00:00,2026-02-21 08:00:00+00:00,38780.0,AMI0233,TIEL,E,HEINENOORDTUNNEL,HEINENOORDTUNNEL
AMI,38780,2026-02-20 09:00:00+00:00,2026-02-21 08:00:00+00:00,38780.0,AMI0234,ROTTE,I,HEINENOORDTUNNEL,HEINENOORDTUNNEL
AMI,38920,2026-02-25 09:00:00+00:00,2026-02-25 15:00:00+00:00,38920.0,AMI0235,ROTTE,I,HEINENOORDTUNNEL,HEINENOORDTUNNEL
AMO,38880,2026-02-20 15:00:00+00:00,2026-02-20 23:00:00+00:00,38880.0,AMO0001,OSS,E,HEINENOORDTUNNEL,HEINENOORDTUNNEL
ANT,38061,2026-02-02 07:00:00+00:00,2026-02-02 22:00:00+00:00,38061.0,ANT0760,VEGHE,E,HEINENOORDTUNNEL,HEINENOORDTUNNEL
ANT,38061,2026-02-02 07:00:00+00:00,2026-02-02 22:00:00+00:00,38061.0,ANT0761,ROTTE,I,HEINENOORDTUNNEL,HEINENOORDTUNNEL
ANT,38220,2026-02-04 08:00:00+00:00,2026-02-05 04:00:00+00:00,38220.0,ANT0762,VEGHE,E,HEINENOORDTUNNEL,HEINENOORDTUNNEL
ANT,38220,2026-02-04 08:00:00+00:00,2026-02-05 04:00:00+00:00,38220.0,ANT0763,ROTTE,I,HEINENOORDTUNNEL,HEINENOORDTUNNEL
ANT,38122,2026-02-09 07:30:00+00:00,2026-02-10 08:00:00+00:00,38122.0,ANT0764,VEGHE,E,HEINENOORDTUNNEL,HEINENOORDTUNNEL
ANT,38122,2026-02-09 07:30:00+00:00,2026-02-10 08:00:00+00:00,38122.0,ANT0765,ROTTE,I,HEINENOORDTUNNEL,HEINENOORDTUNNEL
ANT,38600,2026-02-11 09:00:00+00:00,2026-02-12 02:00:00+00:00,,,,,HEINENOORDTUNNEL,HEINENOORDTUNNEL
ANT,38523,2026-02-16 07:00:00+00:00,2026-02-17 06:00:00+00:00,38523.0,ANT0768,VEGHE,E,HEINENOORDTUNNEL,HEINENOORDTUNNEL
ANT,38523,2026-02-16 07:00:00+00:00,2026-02-17 06:00:00+00:00,38523.0,ANT0769,ROTTE,I,HEINENOORDTUNNEL,HEINENOORDTUNNEL
ANT,38560,2026-02-18 07:00:00+00:00,2026-02-19 12:00:00+00:00,38560.0,ANT0770,VEGHE,E,HEINENOORDTUNNEL,HEINENOORDTUNNEL
ANT,38560,2026-02-18 07:00:00+00:00,2026-02-19 12:00:00+00:00,38560.0,ANT0771,ROTTE,I,HEINENOORDTUNNEL,HEINENOORDTUNNEL
ANT,38560,2026-02-18 07:00:00+00:00,2026-02-19 12:00:00+00:00,38560.0,ALF1980,VEGHE,E,HEINENOORDTUNNEL,HEINENOORDTUNNEL
ANT,38560,2026-02-18 07:00:00+00:00,2026-02-19 12:00:00+00:00,38560.0,ALF1981,ROTTE,I,HEINENOORDTUNNEL,HEINENOORDTUNNEL
ANT,38580,2026-02-23 07:00:00+00:00,2026-02-23 18:00:00+00:00,38580.0,ANT0772,VEGHE,E,HEINENOORDTUNNEL,HEINENOORDTUNNEL
ANT,38580,2026-02-23 07:00:00+00:00,2026-02-23 18:00:00+00:00,38580.0,ANT0773,ROTTE,I,HEINENOORDTUNNEL,HEINENOORDTUNNEL
ANT,38981,2026-02-25 08:00:00+00:00,2026-02-26 08:00:00+00:00,38981.0,ANT0774,VEGHE,E,HEINENOORDTUNNEL,HEINENOORDTUNNEL
ANT,38981,2026-02-25 08:00:00+00:00,2026-02-26 08:00:00+00:00,38981.0,ANT0775,ROTTE,I,HEINENOORDTUNNEL,HEINENOORDTUNNEL
DEC,38201,2026-02-03 21:00:00+00:00,2026-02-04 18:00:00+00:00,38201.0,DEC0072,VEGHE,E,HEINENOORDTUNNEL,HEINENOORDTUNNEL
DEC,38201,2026-02-03 21:00:00+00:00,2026-02-04 18:00:00+00:00,38201.0,DEC0073,ROTTE,I,HEINENOORDTUNNEL,HEINENOORDTUNNEL
DEC,38222,2026-02-05 21:00:00+00:00,2026-02-06 20:00:00+00:00,38222.0,DEC0074,VEGHE,E,HEINENOORDTUNNEL,HEINENOORDTUNNEL
DEC,38222,2026-02-05 21:00:00+00:00,2026-02-06 20:00:00+00:00,38222.0,DEC0075,ROTTE,I,HEINENOORDTUNNEL,HEINENOORDTUNNEL
DEC,38401,2026-02-09 10:00:00+00:00,2026-02-10 12:00:00+00:00,38401.0,DEC0076,VEGHE,E,HEINENOORDTUNNEL,HEINENOORDTUNNEL
DEC,38401,2026-02-09 10:00:00+00:00,2026-02-10 12:00:00+00:00,38401.0,DEC0077,ROTTE,I,HEINENOORDTUNNEL,HEINENOORDTUNNEL
DEC,38500,2026-02-11 14:00:00+00:00,2026-02-12 06:00:00+00:00,38500.0,DEC0078,VEGHE,E,HEINENOORDTUNNEL,HEINENOORDTUNNEL
DEC,38500,2026-02-11 14:00:00+00:00,2026-02-12 06:00:00+00:00,38500.0,DEC0079,ROTTE,I,HEINENOORDTUNNEL,HEINENOORDTUNNEL
DEC,38522,2026-02-13 14:00:00+00:00,2026-02-14 14:00:00+00:00,38522.0,DEC0080,VEGHE,E,HEINENOORDTUNNEL,HEINENOORDTUNNEL
FRS,38160,2026-02-03 14:30:00+00:00,2026-02-04 05:00:00+00:00,38160.0,FRS0860,OSS,E,HEINENOORDTUNNEL,HEINENOORDTUNNEL
FRS,38160,2026-02-03 14:30:00+00:00,2026-02-04 05:00:00+00:00,38160.0,FRS0861,ROTTE,I,HEINENOORDTUNNEL,HEINENOORDTUNNEL
FRS,38280,2026-02-06 00:00:00+00:00,2026-02-06 15:00:00+00:00,38280.0,FRS0862,TIEL,E,HEINENOORDTUNNEL,HEINENOORDTUNNEL
FRS,38280,2026-02-06 00:00:00+00:00,2026-02-06 15:00:00+00:00,38280.0,FRS0863,ROTTE,I,HEINENOORDTUNNEL,HEINENOORDTUNNEL
FRS,38300,2026-02-08 00:00:00+00:00,2026-02-09 03:00:00+00:00,38300.0,FRS0864,KAT,E,HEINENOORDTUNNEL,HEINENOORDTUNNEL
FRS,38300,2026-02-08 00:00:00+00:00,2026-02-09 03:00:00+00:00,38300.0,FRS0865,ROTTE,I,HEINENOORDTUNNEL,HEINENOORDTUNNEL
FRS,38301,2026-02-10 12:30:00+00:00,2026-02-11 05:00:00+00:00,38301.0,FRS0866,OSS,E,HEINENOORDTUNNEL,HEINENOORDTUNNEL
FRS,38301,2026-02-10 12:30:00+00:00,2026-02-11 05:00:00+00:00,38301.0,FRS0867,ROTTE,I,HEINENOORDTUNNEL,HEINENOORDTUNNEL
FRS,38541,2026-02-12 18:00:00+00:00,2026-02-13 15:00:00+00:00,38541.0,FRS0868,KAT,E,HEINENOORDTUNNEL,HEINENOORDTUNNEL
FRS,38541,2026-02-12 18:00:00+00:00,2026-02-13 15:00:00+00:00,38541.0,FRS0869,ROTTE,I,HEINENOORDTUNNEL,HEINENOORDTUNNEL
FRS,38543,2026-02-15 04:00:00+00:00,2026-02-16 08:00:00+00:00,38543.0,FRS0870,OSS,E,HEINENOORDTUNNEL,HEINENOORDTUNNEL
FRS,38543,2026-02-15 04:00:00+00:00,2026-02-16 08:00:00+00:00,38543.0,FRS0871,ROTTE,I,HEINENOORDTUNNEL,HEINENOORDTUNNEL
FRS,38681,2026-02-17 21:00:00+00:00,2026-02-18 10:00:00+00:00,38681.0,FRS0872,KAT,E,BRIENENOORDBRUG,HEINENOORDTUNNEL
FRS,38681,2026-02-17 21:00:00+00:00,2026-02-18 10:00:00+00:00,38681.0,FRS0873,ROTTE,I,BRIENENOORDBRUG,HEINENOORDTUNNEL
FRS,38760,2026-02-20 01:00:00+00:00,2026-02-20 15:00:00+00:00,,,,,HEINENOORDTUNNEL,HEINENOORDTUNNEL
FRS,38840,2026-02-22 14:30:00+00:00,2026-02-23 07:00:00+00:00,38840.0,FRS0876,TIEL,E,HEINENOORDTUNNEL,HEINENOORDTUNNEL
FRS,38840,2026-02-22 14:30:00+00:00,2026-02-23 07:00:00+00:00,38840.0,FRS0877,ROTTE,I,HEINENOORDTUNNEL,HEINENOORDTUNNEL
FRS,38961,2026-02-24 15:00:00+00:00,2026-02-25 08:00:00+00:00,38961.0,FRS0878,OSS,E,HEINENOORDTUNNEL,HEINENOORDTUNNEL
FRS,38961,2026-02-24 15:00:00+00:00,2026-02-25 08:00:00+00:00,38961.0,FRS0879,ROTTE,I,HEINENOORDTUNNEL,HEINENOORDTUNNEL
LEE,38701,2026-02-16 17:00:00+00:00,2026-02-17 09:00:00+00:00,38701.0,LEE0057,ROTTE,I,HEINENOORDTUNNEL,HEINENOORDTUNNEL
LEE,38900,2026-02-23 07:00:00+00:00,2026-02-24 10:00:00+00:00,38900.0,LEE0060,VEGHE,E,HEINENOORDTUNNEL,HEINENOORDTUNNEL
LEE,38900,2026-02-23 07:00:00+00:00,2026-02-24 10:00:00+00:00,38900.0,LEE0061,ROTTE,I,HEINENOORDTUNNEL,HEINENOORDTUNNEL
LEE,39021,2026-02-25 17:00:00+00:00,2026-02-26 12:00:00+00:00,39021.0,LEE0062,VEGHE,E,HEINENOORDTUNNEL,HEINENOORDTUNNEL
LEE,39021,2026-02-25 17:00:00+00:00,2026-02-26 12:00:00+00:00,39021.0,LEE0063,ROTTE,I,HEINENOORDTUNNEL,HEINENOORDTUNNEL
LEH,38762,2026-02-18 17:00:00+00:00,2026-02-18 23:30:00+00:00,38762.0,LEH0043,TIEL,E,BRIENENOORDBRUG,BRIENENOORDBRUG
LRD,38140,2026-02-02 15:00:00+00:00,2026-02-03 06:00:00+00:00,38140.0,LRD0212,OSS,E,HEINENOORDTUNNEL,HEINENOORDTUNNEL
LRD,38140,2026-02-02 15:00:00+00:00,2026-02-03 06:00:00+00:00,38140.0,LRD0213,ROTTE,I,HEINENOORDTUNNEL,HEINENOORDTUNNEL
LRD,38202,2026-02-05 19:00:00+00:00,2026-02-06 08:00:00+00:00,38202.0,LRD0214,VEGHE,E,HEINENOORDTUNNEL,HEINENOORDTUNNEL
LRD,38202,2026-02-05 19:00:00+00:00,2026-02-06 08:00:00+00:00,38202.0,LRD0215,ROTTE,I,HEINENOORDTUNNEL,HEINENOORDTUNNEL
LRD,38281,2026-02-07 17:00:00+00:00,2026-02-08 18:00:00+00:00,38281.0,LRD0216,VEGHE,E,HEINENOORDTUNNEL,HEINENOORDTUNNEL
LRD,38281,2026-02-07 17:00:00+00:00,2026-02-08 18:00:00+00:00,38281.0,LRD0217,ROTTE,I,HEINENOORDTUNNEL,HEINENOORDTUNNEL
LRD,38441,2026-02-10 11:00:00+00:00,2026-02-11 14:00:00+00:00,38441.0,LRD0218,OSS,E,BRIENENOORDBRUG,HEINENOORDTUNNEL
LRD,38441,2026-02-10 11:00:00+00:00,2026-02-11 14:00:00+00:00,38441.0,LRD0219,ROTTE,I,BRIENENOORDBRUG,HEINENOORDTUNNEL
LRD,38481,2026-02-12 08:00:00+00:00,2026-02-12 18:00:00+00:00,38481.0,LRD0220,VEGHE,E,HEINENOORDTUNNEL,HEINENOORDTUNNEL
LRD,38481,2026-02-12 08:00:00+00:00,2026-02-12 18:00:00+00:00,38481.0,LRD0221,ROTTE,I,HEINENOORDTUNNEL,HEINENOORDTUNNEL
LRD,38641,2026-02-16 13:00:00+00:00,2026-02-16 22:00:00+00:00,38641.0,LRD0222,TIEL,E,HEINENOORDTUNNEL,HEINENOORDTUNNEL
LRD,38641,2026-02-16 13:00:00+00:00,2026-02-16 22:00:00+00:00,38641.0,LRD0223,ROTTE,I,HEINENOORDTUNNEL,HEINENOORDTUNNEL
LRD,38641,2026-02-16 13:00:00+00:00,2026-02-16 22:00:00+00:00,38641.0,FRS0874,OSS,E,HEINENOORDTUNNEL,HEINENOORDTUNNEL
LRD,38641,2026-02-16 13:00:00+00:00,2026-02-16 22:00:00+00:00,38641.0,FRS0875,ROTTE,I,HEINENOORDTUNNEL,HEINENOORDTUNNEL
LRD,38740,2026-02-18 13:00:00+00:00,2026-02-19 02:00:00+00:00,38740.0,LRD0224,VEGHE,E,HEINENOORDTUNNEL,HEINENOORDTUNNEL
LRD,38740,2026-02-18 13:00:00+00:00,2026-02-19 02:00:00+00:00,38740.0,LRD0225,ROTTE,I,HEINENOORDTUNNEL,HEINENOORDTUNNEL
LRD,38800,2026-02-20 23:00:00+00:00,2026-02-21 18:00:00+00:00,38800.0,LRD0226,OSS,E,HEINENOORDTUNNEL,HEINENOORDTUNNEL
LRD,38800,2026-02-20 23:00:00+00:00,2026-02-21 18:00:00+00:00,38800.0,LRD0227,ROTTE,I,HEINENOORDTUNNEL,HEINENOORDTUNNEL
LRD,38940,2026-02-23 07:00:00+00:00,2026-02-23 23:00:00+00:00,38940.0,LRD0228,VEGHE,E,HEINENOORDTUNNEL,HEINENOORDTUNNEL
LRD,38940,2026-02-23 07:00:00+00:00,2026-02-23 23:00:00+00:00,38940.0,LRD0229,ROTTE,I,HEINENOORDTUNNEL,HEINENOORDTUNNEL
MEY,38082,2026-02-03 10:00:00+00:00,2026-02-04 08:00:00+00:00,38082.0,MEY0156,TIEL,E,HEINENOORDTUNNEL,HEINENOORDTUNNEL
MEY,38082,2026-02-03 10:00:00+00:00,2026-02-04 08:00:00+00:00,38082.0,MEY0157,ROTTE,I,HEINENOORDTUNNEL,HEINENOORDTUNNEL
MEY,38161,2026-02-08 18:00:00+00:00,2026-02-09 10:00:00+00:00,38161.0,MEY0160,OSS,E,HEINENOORDTUNNEL,HEINENOORDTUNNEL
MEY,38161,2026-02-08 18:00:00+00:00,2026-02-09 10:00:00+00:00,38161.0,MEY0161,ROTTE,I,HEINENOORDTUNNEL,HEINENOORDTUNNEL
MEY,38380,2026-02-11 08:00:00+00:00,2026-02-12 08:00:00+00:00,38380.0,MEY0162,KAT,E,HEINENOORDTUNNEL,HEINENOORDTUNNEL
MEY,38380,2026-02-11 08:00:00+00:00,2026-02-12 08:00:00+00:00,38380.0,MEY0163,ROTTE,I,HEINENOORDTUNNEL,HEINENOORDTUNNEL
MEY,38540,2026-02-13 16:00:00+00:00,2026-02-14 19:00:00+00:00,38540.0,MEY0164,KAT,E,HEINENOORDTUNNEL,HEINENOORDTUNNEL
MEY,38540,2026-02-13 16:00:00+00:00,2026-02-14 19:00:00+00:00,38540.0,MEY0165,ROTTE,I,HEINENOORDTUNNEL,HEINENOORDTUNNEL
MEY,38544,2026-02-17 09:00:00+00:00,2026-02-18 10:00:00+00:00,38544.0,MEY0166,OSS,E,HEINENOORDTUNNEL,HEINENOORDTUNNEL
MEY,38544,2026-02-17 09:00:00+00:00,2026-02-18 10:00:00+00:00,38544.0,MEY0167,ROTTE,I,HEINENOORDTUNNEL,HEINENOORDTUNNEL
MEY,38720,2026-02-19 17:00:00+00:00,2026-02-20 15:00:00+00:00,38720.0,MEY0168,KAT,E,BRIENENOORDBRUG,HEINENOORDTUNNEL
MEY,38720,2026-02-19 17:00:00+00:00,2026-02-20 15:00:00+00:00,38720.0,MEY0169,ROTTE,I,BRIENENOORDBRUG,HEINENOORDTUNNEL
MEY,38741,2026-02-22 10:00:00+00:00,2026-02-23 08:00:00+00:00,38741.0,MEY0170,KAT,E,HEINENOORDTUNNEL,HEINENOORDTUNNEL
MEY,38741,2026-02-22 10:00:00+00:00,2026-02-23 08:00:00+00:00,38741.0,MEY0171,ROTTE,I,HEINENOORDTUNNEL,HEINENOORDTUNNEL
MEY,38860,2026-02-25 11:00:00+00:00,2026-02-26 09:00:00+00:00,38860.0,MEY0172,TIEL,E,HEINENOORDTUNNEL,HEINENOORDTUNNEL
MEY,38860,2026-02-25 11:00:00+00:00,2026-02-26 09:00:00+00:00,38860.0,MEY0173,ROTTE,I,HEINENOORDTUNNEL,HEINENOORDTUNNEL
VIC,38162,2026-02-04 10:00:00+00:00,2026-02-04 20:00:00+00:00,38162.0,VIC2713,VEGHE,E,HEINENOORDTUNNEL,HEINENOORDTUNNEL
VIC,38260,2026-02-05 14:30:00+00:00,2026-02-06 14:00:00+00:00,38260.0,VIC2715,VEGHE,E,HEINENOORDTUNNEL,HEINENOORDTUNNEL
VIC,38260,2026-02-05 14:30:00+00:00,2026-02-06 14:00:00+00:00,38260.0,VIC2716,ROTTE,I,HEINENOORDTUNNEL,HEINENOORDTUNNEL
VIC,38340,2026-02-08 13:00:00+00:00,2026-02-09 08:00:00+00:00,38340.0,VIC2717,VEGHE,E,HEINENOORDTUNNEL,HEINENOORDTUNNEL
VIC,38340,2026-02-08 13:00:00+00:00,2026-02-09 08:00:00+00:00,38340.0,VIC2718,ROTTE,I,HEINENOORDTUNNEL,HEINENOORDTUNNEL
VIC,38421,2026-02-10 17:00:00+00:00,2026-02-11 08:00:00+00:00,38421.0,VIC2719,VEGHE,E,HEINENOORDTUNNEL,HEINENOORDTUNNEL
VIC,38421,2026-02-10 17:00:00+00:00,2026-02-11 08:00:00+00:00,38421.0,VIC2720,ROTTE,I,HEINENOORDTUNNEL,HEINENOORDTUNNEL
VIC,38520,2026-02-12 15:30:00+00:00,2026-02-13 13:00:00+00:00,38520.0,VIC2721,VEGHE,E,HEINENOORDTUNNEL,HEINENOORDTUNNEL
VIC,38520,2026-02-12 15:30:00+00:00,2026-02-13 13:00:00+00:00,38520.0,VIC2722,ROTTE,I,HEINENOORDTUNNEL,HEINENOORDTUNNEL
VIC,38542,2026-02-15 15:00:00+00:00,2026-02-16 08:00:00+00:00,38542.0,VIC2723,VEGHE,E,HEINENOORDTUNNEL,HEINENOORDTUNNEL
VIC,38542,2026-02-15 15:00:00+00:00,2026-02-16 08:00:00+00:00,38542.0,VIC2724,ROTTE,I,HEINENOORDTUNNEL,HEINENOORDTUNNEL
VIC,38643,2026-02-17 15:30:00+00:00,2026-02-18 08:00:00+00:00,38643.0,VIC2725,VEGHE,E,HEINENOORDTUNNEL,HEINENOORDTUNNEL
VIC,38643,2026-02-17 15:30:00+00:00,2026-02-18 08:00:00+00:00,38643.0,VIC2726,ROTTE,I,HEINENOORDTUNNEL,HEINENOORDTUNNEL
VIC,38761,2026-02-19 15:00:00+00:00,2026-02-20 12:00:00+00:00,38761.0,VIC2727,VEGHE,E,HEINENOORDTUNNEL,HEINENOORDTUNNEL
VIC,38761,2026-02-19 15:00:00+00:00,2026-02-20 12:00:00+00:00,38761.0,VIC2728,ROTTE,I,HEINENOORDTUNNEL,HEINENOORDTUNNEL
VIC,38801,2026-02-22 15:00:00+00:00,2026-02-23 08:00:00+00:00,38801.0,VIC2729,VEGHE,E,HEINENOORDTUNNEL,HEINENOORDTUNNEL
VIC,38801,2026-02-22 15:00:00+00:00,2026-02-23 08:00:00+00:00,38801.0,VIC2730,ROTTE,I,HEINENOORDTUNNEL,HEINENOORDTUNNEL
VIC,38941,2026-02-24 17:00:00+00:00,2026-02-25 10:00:00+00:00,38941.0,VIC2731,VEGHE,E,HEINENOORDTUNNEL,HEINENOORDTUNNEL
VIC,38941,2026-02-24 17:00:00+00:00,2026-02-25 10:00:00+00:00,38941.0,VIC2732,ROTTE,I,HEINENOORDTUNNEL,HEINENOORDTUNNEL
