SEQ,BARGE_ROT,CODE,IE,PORT_FROM,PORT_TO,LEG_DEPART_DT,LEG_ARRIVE_DT,SCOPEINLOCATION,SCOPEOUTLOCATION,VOYELM_TOTALTEU,VOYELM_TOTALWEIGHT,VOYELM_MAXTEU,VOYELM_MAXWEIGHT,VOYTERM_TOTAL20,VOYTERM_TOTAL30,VOYTERM_TOTAL40,VOYTERM_TOTAL45,VOYTERM_RESERVED20,VOYTERM_RESERVED30,VOYTERM_RESERVED40,UNITEXP_CONTAINER_COUNT
38121,AFS,AFS0757,E,KAT,ROTTE,2026-02-03 10:00:00+00:00,2026-02-04 12:00:00+00:00,HEINENOORDTUNNEL,HEINENOORDTUNNEL,67.0,208668.0,156.0,3000000.0,12.0,0.0,15.0,0.0,23.0,0.0,32.0,
38121,AFS,AFS0757,E,KAT,ROTTE,2026-02-03 10:00:00+00:00,2026-02-04 12:00:00+00:00,HEINENOORDTUNNEL,HEINENOORDTUNNEL,26.0,126468.0,156.0,3000000.0,12.0,0.0,15.0,0.0,23.0,0.0,32.0,
38121,AFS,AFS0758,I,ROTTE,KAT,2026-02-05 10:00:00+00:00,2026-02-06 08:00:00+00:00,HEINENOORDTUNNEL,HEINENOORDTUNNEL,155.0,934441.0,156.0,3000000.0,11.0,0.0,72.0,0.0,20.0,0.0,110.0,
38121,AFS,AFS0758,I,ROTTE,KAT,2026-02-05 10:00:00+00:00,2026-02-06 08:00:00+00:00,HEINENOORDTUNNEL,HEINENOORDTUNNEL,85.0,365409.0,156.0,3000000.0,11.0,0.0,72.0,0.0,20.0,0.0,110.0,
38240,AFS,AFS0759,E,TIEL,ROTTE,2026-02-05 16:00:00+00:00,2026-02-06 22:00:00+00:00,HEINENOORDTUNNEL,HEINENOORDTUNNEL,118.0,1111583.0,156.0,3000000.0,26.0,0.0,42.0,0.0,33.0,0.0,49.0,
38240,AFS,AFS0759,E,TIEL,ROTTE,2026-02-05 16:00:00+00:00,2026-02-06 22:00:00+00:00,HEINENOORDTUNNEL,HEINENOORDTUNNEL,72.0,332549.0,156.0,3000000.0,26.0,0.0,42.0,0.0,33.0,0.0,49.0,
38240,AFS,AFS0760,I,ROTTE,TIEL,2026-02-07 20:00:00+00:00,2026-02-09 15:00:00+00:00,HEINENOORDTUNNEL,HEINENOORDTUNNEL,156.0,1053672.0,156.0,3000000.0,14.0,0.0,71.0,0.0,0.0,0.0,98.0,
38240,AFS,AFS0760,I,ROTTE,TIEL,2026-02-07 20:00:00+00:00,2026-02-09 15:00:00+00:00,HEINENOORDTUNNEL,HEINENOORDTUNNEL,105.0,581635.0,156.0,3000000.0,14.0,0.0,71.0,0.0,0.0,0.0,98.0,
38240,AFS,AFS0760,I,ROTTE,TIEL,2026-02-07 20:00:00+00:00,2026-02-09 15:00:00+00:00,HEINENOORDTUNNEL,HEINENOORDTUNNEL,30.0,274131.0,156.0,3000000.0,14.0,0.0,71.0,0.0,0.0,0.0,98.0,
38320,AFS,AFS0761,E,OSS,ROTTE,2026-02-09 10:00:00+00:00,2026-02-10 10:00:00+00:00,HEINENOORDTUNNEL,HEINENOORDTUNNEL,115.0,403054.0,156.0,3000000.0,1.0,0.0,54.0,0.0,5.0,0.0,41.0,
38320,AFS,AFS0761,E,OSS,ROTTE,2026-02-09 10:00:00+00:00,2026-02-10 10:00:00+00:00,HEINENOORDTUNNEL,HEINENOORDTUNNEL,47.0,91900.0,156.0,3000000.0,1.0,0.0,54.0,0.0,5.0,0.0,41.0,
38320,AFS,AFS0761,E,OSS,ROTTE,2026-02-09 10:00:00+00:00,2026-02-10 10:00:00+00:00,HEINENOORDTUNNEL,HEINENOORDTUNNEL,73.0,321154.0,156.0,3000000.0,1.0,0.0,54.0,0.0,5.0,0.0,41.0,
38320,AFS,AFS0762,I,ROTTE,KAT,2026-02-11 10:00:00+00:00,2026-02-13 05:00:00+00:00,HEINENOORDTUNNEL,HEINENOORDTUNNEL,73.0,694263.0,156.0,3000000.0,11.0,0.0,52.0,0.0,0.0,0.0,0.0,
38320,AFS,AFS0762,I,ROTTE,KAT,2026-02-11 10:00:00+00:00,2026-02-13 05:00:00+00:00,HEINENOORDTUNNEL,HEINENOORDTUNNEL,27.0,387031.0,156.0,3000000.0,11.0,0.0,52.0,0.0,0.0,0.0,0.0,
38320,AFS,AFS0762,I,ROTTE,KAT,2026-02-11 10:00:00+00:00,2026-02-13 05:00:00+00:00,HEINENOORDTUNNEL,HEINENOORDTUNNEL,115.0,962134.0,156.0,3000000.0,11.0,0.0,52.0,0.0,0.0,0.0,0.0,
38480,AFS,AFS0763,E,VEGHE,ROTTE,2026-02-12 12:00:00+00:00,2026-02-14 20:00:00+00:00,HEINENOORDTUNNEL,HEINENOORDTUNNEL,4.0,43956.0,156.0,3000000.0,18.0,0.0,67.0,0.0,0.0,0.0,0.0,15.0
38480,AFS,AFS0763,E,VEGHE,ROTTE,2026-02-12 12:00:00+00:00,2026-02-14 20:00:00+00:00,HEINENOORDTUNNEL,HEINENOORDTUNNEL,35.0,109677.0,156.0,3000000.0,18.0,0.0,67.0,0.0,0.0,0.0,0.0,15.0
38480,AFS,AFS0763,E,VEGHE,ROTTE,2026-02-12 12:00:00+00:00,2026-02-14 20:00:00+00:00,HEINENOORDTUNNEL,HEINENOORDTUNNEL,62.0,276467.0,156.0,3000000.0,18.0,0.0,67.0,0.0,0.0,0.0,0.0,15.0
38480,AFS,AFS0763,E,VEGHE,ROTTE,2026-02-12 12:00:00+00:00,2026-02-14 20:00:00+00:00,HEINENOORDTUNNEL,HEINENOORDTUNNEL,152.0,451967.0,156.0,3000000.0,18.0,0.0,67.0,0.0,0.0,0.0,0.0,15.0
38480,AFS,AFS0764,I,ROTTE,OSS,2026-02-16 05:00:00+00:00,2026-02-17 15:00:00+00:00,HEINENOORDTUNNEL,HEINENOORDTUNNEL,36.0,417499.0,156.0,3000000.0,10.0,0.0,61.0,0.0,0.0,0.0,0.0,
38480,AFS,AFS0764,I,ROTTE,OSS,2026-02-16 05:00:00+00:00,2026-02-17 15:00:00+00:00,HEINENOORDTUNNEL,HEINENOORDTUNNEL,132.0,1691095.0,156.0,3000000.0,10.0,0.0,61.0,0.0,0.0,0.0,0.0,
38620,AFS,AFS0765,E,TIEL,ROTTE,2026-02-16 20:00:00+00:00,2026-02-18 08:00:00+00:00,BRIENENOORDBRUG,HEINENOORDTUNNEL,60.0,196776.0,156.0,3000000.0,12.0,0.0,34.0,0.0,45.0,0.0,26.0,13.0
38620,AFS,AFS0765,E,TIEL,ROTTE,2026-02-16 20:00:00+00:00,2026-02-18 08:00:00+00:00,BRIENENOORDBRUG,HEINENOORDTUNNEL,0.0,0.0,156.0,3000000.0,12.0,0.0,34.0,0.0,45.0,0.0,26.0,13.0
38620,AFS,AFS0766,I,ROTTE,KAT,2026-02-18 23:00:00+00:00,2026-02-20 05:00:00+00:00,BRIENENOORDBRUG,HEINENOORDTUNNEL,131.0,886103.0,156.0,3000000.0,53.0,0.0,39.0,0.0,13.0,0.0,62.0,
38620,AFS,AFS0766,I,ROTTE,KAT,2026-02-18 23:00:00+00:00,2026-02-20 05:00:00+00:00,BRIENENOORDBRUG,HEINENOORDTUNNEL,92.0,572914.0,156.0,3000000.0,53.0,0.0,39.0,0.0,13.0,0.0,62.0,
38764,AFS,AFS0767,E,TIEL,ROTTE,2026-02-19 16:00:00+00:00,2026-02-21 10:00:00+00:00,HEINENOORDTUNNEL,HEINENOORDTUNNEL,69.0,507915.0,156.0,3000000.0,23.0,0.0,23.0,0.0,19.0,0.0,49.0,8.0
38764,AFS,AFS0767,E,TIEL,ROTTE,2026-02-19 16:00:00+00:00,2026-02-21 10:00:00+00:00,HEINENOORDTUNNEL,HEINENOORDTUNNEL,23.0,91885.0,156.0,3000000.0,23.0,0.0,23.0,0.0,19.0,0.0,49.0,8.0
38764,AFS,AFS0768,I,ROTTE,KAT,2026-02-22 10:00:00+00:00,2026-02-23 13:00:00+00:00,HEINENOORDTUNNEL,HEINENOORDTUNNEL,109.0,739855.0,156.0,3000000.0,3.0,0.0,54.0,0.0,7.0,0.0,95.0,
38764,AFS,AFS0768,I,ROTTE,KAT,2026-02-22 10:00:00+00:00,2026-02-23 13:00:00+00:00,HEINENOORDTUNNEL,HEINENOORDTUNNEL,77.0,456196.0,156.0,3000000.0,3.0,0.0,54.0,0.0,7.0,0.0,95.0,
38820,AFS,AFS0769,E,OSS,ROTTE,2026-02-23 10:00:00+00:00,2026-02-24 10:00:00+00:00,HEINENOORDTUNNEL,HEINENOORDTUNNEL,131.0,522904.0,156.0,3000000.0,3.0,0.0,62.0,0.0,0.0,0.0,110.0,26.0
38820,AFS,AFS0769,E,OSS,ROTTE,2026-02-23 10:00:00+00:00,2026-02-24 10:00:00+00:00,HEINENOORDTUNNEL,HEINENOORDTUNNEL,72.0,140850.0,156.0,3000000.0,3.0,0.0,62.0,0.0,0.0,0.0,110.0,26.0
38820,AFS,AFS0770,I,ROTTE,TIEL,2026-02-25 08:00:00+00:00,2026-02-26 10:00:00+00:00,HEINENOORDTUNNEL,HEINENOORDTUNNEL,58.0,467506.0,156.0,3000000.0,1.0,0.0,45.0,0.0,0.0,0.0,0.0,
38960,AFS,AFS0771,E,TIEL,ROTTE,2026-02-26 10:00:00+00:00,2026-02-28 20:00:00+00:00,BRIENENOORDBRUG,HEINENOORDTUNNEL,58.0,114900.0,156.0,3000000.0,7.0,0.0,56.0,0.0,0.0,0.0,0.0,24.0
38960,AFS,AFS0772,I,ROTTE,TIEL,2026-02-27 12:00:00+00:00,2026-03-01 06:30:00+00:00,BRIENENOORDBRUG,HEINENOORDTUNNEL,35.0,80500.0,156.0,3000000.0,35.0,0.0,10.0,0.0,0.0,0.0,0.0,
38960,AFS,AFS0772,I,ROTTE,TIEL,2026-02-27 12:00:00+00:00,2026-03-01 06:30:00+00:00,BRIENENOORDBRUG,HEINENOORDTUNNEL,0.0,0.0,156.0,3000000.0,35.0,0.0,10.0,0.0,0.0,0.0,0.0,
38983,AFS,AFS0773,E,KAT,ROTTE,2026-02-28 15:00:00+00:00,2026-03-01 17:00:00+00:00,HEINENOORDTUNNEL,HEINENOORDTUNNEL,0.0,0.0,156.0,3000000.0,11.0,0.0,66.0,0.0,0.0,0.0,0.0,44.0
38983,AFS,AFS0774,I,ROTTE,KAT,2026-03-02 00:00:00+00:00,2026-03-03 00:00:00+00:00,HEINENOORDTUNNEL,HEINENOORDTUNNEL,0.0,0.0,156.0,3000000.0,1.0,0.0,3.0,0.0,0.0,0.0,0.0,
38102,ALF,ALF1968,E,VEGHE,ROTTE,2026-02-04 10:00:00+00:00,2026-02-04 20:00:00+00:00,HEINENOORDTUNNEL,HEINENOORDTUNNEL,0.0,0.0,90.0,1500000.0,0.0,0.0,5.0,18.0,0.0,0.0,0.0,
38102,ALF,ALF1969,I,ROTTE,VEGHE,2026-02-05 12:00:00+00:00,2026-02-06 05:00:00+00:00,HEINENOORDTUNNEL,HEINENOORDTUNNEL,0.0,0.0,90.0,1500000.0,24.0,0.0,22.0,0.0,0.0,0.0,0.0,
38361,ALF,ALF1972,E,VEGHE,ROTTE,2026-02-09 10:00:00+00:00,2026-02-09 20:00:00+00:00,HEINENOORDTUNNEL,HEINENOORDTUNNEL,0.0,0.0,90.0,1500000.0,0.0,0.0,22.0,0.0,0.0,0.0,25.0,
38361,ALF,ALF1973,I,ROTTE,VEGHE,2026-02-10 10:00:00+00:00,2026-02-11 05:00:00+00:00,HEINENOORDTUNNEL,HEINENOORDTUNNEL,0.0,0.0,90.0,1500000.0,0.0,0.0,30.0,0.0,0.0,0.0,0.0,
38460,ALF,ALF1974,E,VEGHE,ROTTE,2026-02-11 10:00:00+00:00,2026-02-11 22:00:00+00:00,HEINENOORDTUNNEL,HEINENOORDTUNNEL,0.0,0.0,90.0,1500000.0,1.0,0.0,42.0,0.0,0.0,0.0,0.0,7.0
38460,ALF,ALF1975,I,ROTTE,VEGHE,2026-02-12 12:00:00+00:00,2026-02-13 05:00:00+00:00,HEINENOORDTUNNEL,HEINENOORDTUNNEL,0.0,0.0,90.0,1500000.0,12.0,0.0,39.0,0.0,0.0,0.0,0.0,
38680,ALF,ALF1976,E,VEGHE,ROTTE,2026-02-13 10:00:00+00:00,2026-02-13 22:00:00+00:00,HEINENOORDTUNNEL,HEINENOORDTUNNEL,0.0,0.0,90.0,1500000.0,22.0,0.0,25.0,0.0,0.0,0.0,0.0,4.0
38680,ALF,ALF1977,I,ROTTE,VEGHE,2026-02-14 20:00:00+00:00,2026-02-16 05:00:00+00:00,HEINENOORDTUNNEL,HEINENOORDTUNNEL,90.0,781134.0,90.0,1500000.0,0.0,0.0,45.0,0.0,0.0,0.0,0.0,
38821,ALF,ALF1984,E,VEGHE,ROTTE,2026-02-23 10:00:00+00:00,2026-02-23 22:00:00+00:00,HEINENOORDTUNNEL,HEINENOORDTUNNEL,0.0,0.0,90.0,1500000.0,4.0,0.0,25.0,0.0,0.0,0.0,0.0,6.0
38821,ALF,ALF1985,I,ROTTE,VEGHE,2026-02-24 20:00:00+00:00,2026-02-25 18:00:00+00:00,HEINENOORDTUNNEL,HEINENOORDTUNNEL,52.0,121800.0,90.0,1500000.0,0.0,0.0,26.0,0.0,0.0,0.0,0.0,
38100,ALL,ALL0036,E,VEGHE,ROTTE,2026-02-02 18:00:00+00:00,2026-02-03 14:00:00+00:00,HEINENOORDTUNNEL,HEINENOORDTUNNEL,0.0,0.0,90.0,1500000.0,2.0,0.0,36.0,0.0,0.0,0.0,0.0,
38100,ALL,ALL0037,I,ROTTE,VEGHE,2026-02-04 08:00:00+00:00,2026-02-04 18:00:00+00:00,HEINENOORDTUNNEL,HEINENOORDTUNNEL,0.0,0.0,90.0,1500000.0,40.0,0.0,14.0,0.0,0.0,0.0,0.0,
38180,ALL,ALL0038,E,VEGHE,ROTTE,2026-02-04 21:00:00+00:00,2026-02-05 15:00:00+00:00,HEINENOORDTUNNEL,HEINENOORDTUNNEL,0.0,0.0,90.0,1500000.0,0.0,0.0,9.0,22.0,0.0,0.0,0.0,
38180,ALL,ALL0039,I,ROTTE,VEGHE,2026-02-06 10:00:00+00:00,2026-02-09 12:00:00+00:00,HEINENOORDTUNNEL,HEINENOORDTUNNEL,76.0,583200.0,90.0,1500000.0,6.0,0.0,8.0,26.0,0.0,0.0,0.0,
38360,ALL,ALL0040,E,VEGHE,ROTTE,2026-02-09 14:00:00+00:00,2026-02-10 12:00:00+00:00,HEINENOORDTUNNEL,HEINENOORDTUNNEL,0.0,0.0,90.0,1500000.0,5.0,0.0,31.0,0.0,0.0,0.0,0.0,4.0
38360,ALL,ALL0041,I,ROTTE,VEGHE,2026-02-11 08:00:00+00:00,2026-02-11 20:30:00+00:00,HEINENOORDTUNNEL,HEINENOORDTUNNEL,60.0,116500.0,90.0,1500000.0,0.0,0.0,30.0,0.0,0.0,0.0,0.0,
38501,ALL,ALL0042,E,VEGHE,ROTTE,2026-02-11 23:59:00+00:00,2026-02-12 15:00:00+00:00,BRIENENOORDBRUG,HEINENOORDTUNNEL,0.0,0.0,90.0,1500000.0,2.0,0.0,15.0,0.0,0.0,0.0,0.0,3.0
38501,ALL,ALL0043,I,ROTTE,VEGHE,2026-02-13 12:00:00+00:00,2026-02-16 10:00:00+00:00,BRIENENOORDBRUG,HEINENOORDTUNNEL,0.0,0.0,90.0,1500000.0,3.0,0.0,19.0,20.0,0.0,0.0,0.0,
38545,ALL,ALL0044,E,VEGHE,ROTTE,2026-02-16 16:00:00+00:00,2026-02-17 12:00:00+00:00,HEINENOORDTUNNEL,HEINENOORDTUNNEL,0.0,0.0,90.0,1500000.0,19.0,0.0,20.0,0.0,0.0,0.0,0.0,7.0
38545,ALL,ALL0045,I,ROTTE,VEGHE,2026-02-18 08:00:00+00:00,2026-02-18 18:00:00+00:00,HEINENOORDTUNNEL,HEINENOORDTUNNEL,72.0,164700.0,90.0,1500000.0,36.0,0.0,18.0,0.0,0.0,0.0,0.0,
38661,ALL,ALL0046,E,VEGHE,ROTTE,2026-02-18 14:00:00+00:00,2026-02-19 14:00:00+00:00,BRIENENOORDBRUG,HEINENOORDTUNNEL,54.0,518917.0,90.0,1500000.0,0.0,0.0,23.0,0.0,0.0,0.0,0.0,1.0
38661,ALL,ALL0047,I,ROTTE,OSS,2026-02-20 12:00:00+00:00,2026-02-23 12:30:00+00:00,BRIENENOORDBRUG,HEINENOORDTUNNEL,38.0,568285.0,90.0,1500000.0,0.0,0.0,19.0,0.0,0.0,0.0,0.0,
38861,ALL,ALL0048,E,VEGHE,ROTTE,2026-02-23 21:30:00+00:00,2026-02-24 15:00:00+00:00,HEINENOORDTUNNEL,HEINENOORDTUNNEL,76.5,831734.0,90.0,1500000.0,0.0,0.0,9.0,27.0,0.0,0.0,0.0,
38861,ALL,ALL0049,I,ROTTE,VEGHE,2026-02-24 12:00:00+00:00,2026-02-25 10:00:00+00:00,HEINENOORDTUNNEL,HEINENOORDTUNNEL,0.0,0.0,90.0,1500000.0,1.0,0.0,1.0,33.0,0.0,0.0,0.0,
38980,ALL,ALL0050,E,VEGHE,ROTTE,2026-02-26 12:00:00+00:00,2026-02-26 23:59:00+00:00,HEINENOORDTUNNEL,HEINENOORDTUNNEL,0.0,0.0,90.0,1500000.0,0.0,0.0,30.0,0.0,0.0,0.0,0.0,
38980,ALL,ALL0051,I,ROTTE,VEGHE,2026-02-27 10:00:00+00:00,2026-03-01 10:00:00+00:00,HEINENOORDTUNNEL,HEINENOORDTUNNEL,0.0,0.0,90.0,1500000.0,0.0,0.0,30.0,0.0,0.0,0.0,0.0,
38120,AMI,AMI0223,E,VEGHE,ROTTE,2026-02-02 10:00:00+00:00,2026-02-03 10:00:00+00:00,BRIENENOORDBRUG,HEINENOORDTUNNEL,164.0,850810.0,208.0,3000000.0,30.0,0.0,67.0,0.0,0.0,0.0,0.0,
38120,AMI,AMI0223,E,VEGHE,ROTTE,2026-02-02 10:00:00+00:00,2026-02-03 10:00:00+00:00,BRIENENOORDBRUG,HEINENOORDTUNNEL,33.0,353682.0,208.0,3000000.0,30.0,0.0,67.0,0.0,0.0,0.0,0.0,
38120,AMI,AMI0223,E,VEGHE,ROTTE,2026-02-02 10:00:00+00:00,2026-02-03 10:00:00+00:00,BRIENENOORDBRUG,HEINENOORDTUNNEL,78.0,678410.0,208.0,3000000.0,30.0,0.0,67.0,0.0,0.0,0.0,0.0,
38120,AMI,AMI0224,I,ROTTE,OSS,2026-02-04 12:00:00+00:00,2026-02-05 13:00:00+00:00,BRIENENOORDBRUG,HEINENOORDTUNNEL,198.0,1572400.0,208.0,3000000.0,6.0,0.0,96.0,0.0,0.0,0.0,0.0,
38120,AMI,AMI0224,I,ROTTE,OSS,2026-02-04 12:00:00+00:00,2026-02-05 13:00:00+00:00,BRIENENOORDBRUG,HEINENOORDTUNNEL,51.0,378926.0,208.0,3000000.0,6.0,0.0,96.0,0.0,0.0,0.0,0.0,
38221,AMI,AMI0225,E,OSS,ROTTE,2026-02-06 12:00:00+00:00,2026-02-08 12:00:00+00:00,HEINENOORDTUNNEL,HEINENOORDTUNNEL,143.0,757125.0,208.0,3000000.0,2.0,0.0,72.0,0.0,0.0,0.0,0.0,
38221,AMI,AMI0225,E,OSS,ROTTE,2026-02-06 12:00:00+00:00,2026-02-08 12:00:00+00:00,HEINENOORDTUNNEL,HEINENOORDTUNNEL,79.0,489920.0,208.0,3000000.0,2.0,0.0,72.0,0.0,0.0,0.0,0.0,
38221,AMI,AMI0226,I,ROTTE,KAT,2026-02-08 12:00:00+00:00,2026-02-09 15:00:00+00:00,HEINENOORDTUNNEL,HEINENOORDTUNNEL,200.0,1679315.0,208.0,3000000.0,28.0,0.0,86.0,0.0,0.0,0.0,0.0,
38221,AMI,AMI0226,I,ROTTE,KAT,2026-02-08 12:00:00+00:00,2026-02-09 15:00:00+00:00,HEINENOORDTUNNEL,HEINENOORDTUNNEL,102.0,607611.0,208.0,3000000.0,28.0,0.0,86.0,0.0,0.0,0.0,0.0,
38221,AMI,AMI0226,I,ROTTE,KAT,2026-02-08 12:00:00+00:00,2026-02-09 15:00:00+00:00,HEINENOORDTUNNEL,HEINENOORDTUNNEL,38.0,271059.0,208.0,3000000.0,28.0,0.0,86.0,0.0,0.0,0.0,0.0,
38321,AMI,AMI0227,E,OSS,ROTTE,2026-02-09 10:00:00+00:00,2026-02-10 16:00:00+00:00,BRIENENOORDBRUG,HEINENOORDTUNNEL,203.0,1409022.0,208.0,3000000.0,13.0,0.0,95.0,0.0,0.0,0.0,0.0,1.0
38321,AMI,AMI0227,E,OSS,ROTTE,2026-02-09 10:00:00+00:00,2026-02-10 16:00:00+00:00,BRIENENOORDBRUG,HEINENOORDTUNNEL,80.0,1028108.0,208.0,3000000.0,13.0,0.0,95.0,0.0,0.0,0.0,0.0,1.0
38321,AMI,AMI0227,E,OSS,ROTTE,2026-02-09 10:00:00+00:00,2026-02-10 16:00:00+00:00,BRIENENOORDBRUG,HEINENOORDTUNNEL,25.0,254975.0,208.0,3000000.0,13.0,0.0,95.0,0.0,0.0,0.0,0.0,1.0
38321,AMI,AMI0228,I,ROTTE,OSS,2026-02-12 15:00:00+00:00,2026-02-13 06:00:00+00:00,BRIENENOORDBRUG,HEINENOORDTUNNEL,81.0,625271.0,208.0,3000000.0,9.0,0.0,95.0,0.0,0.0,0.0,0.0,
38321,AMI,AMI0228,I,ROTTE,OSS,2026-02-12 15:00:00+00:00,2026-02-13 06:00:00+00:00,BRIENENOORDBRUG,HEINENOORDTUNNEL,38.0,421225.0,208.0,3000000.0,9.0,0.0,95.0,0.0,0.0,0.0,0.0,
38321,AMI,AMI0228,I,ROTTE,OSS,2026-02-12 15:00:00+00:00,2026-02-13 06:00:00+00:00,BRIENENOORDBRUG,HEINENOORDTUNNEL,200.0,1624944.0,208.0,3000000.0,9.0,0.0,95.0,0.0,0.0,0.0,0.0,
38440,AMI,AMI0229,E,KAT,ROTTE,2026-02-13 12:00:00+00:00,2026-02-14 12:00:00+00:00,HEINENOORDTUNNEL,HEINENOORDTUNNEL,39.0,402024.0,208.0,3000000.0,14.0,0.0,84.0,0.0,0.0,0.0,0.0,41.0
38440,AMI,AMI0229,E,KAT,ROTTE,2026-02-13 12:00:00+00:00,2026-02-14 12:00:00+00:00,HEINENOORDTUNNEL,HEINENOORDTUNNEL,90.0,929198.0,208.0,3000000.0,14.0,0.0,84.0,0.0,0.0,0.0,0.0,41.0
38440,AMI,AMI0229,E,KAT,ROTTE,2026-02-13 12:00:00+00:00,2026-02-14 12:00:00+00:00,HEINENOORDTUNNEL,HEINENOORDTUNNEL,182.0,1194155.0,208.0,3000000.0,14.0,0.0,84.0,0.0,0.0,0.0,0.0,41.0
38440,AMI,AMI0230,I,ROTTE,OSS,2026-02-15 12:00:00+00:00,2026-02-16 15:00:00+00:00,HEINENOORDTUNNEL,HEINENOORDTUNNEL,0.0,0.0,208.0,3000000.0,8.0,0.0,47.0,0.0,0.0,0.0,0.0,
38440,AMI,AMI0230,I,ROTTE,OSS,2026-02-15 12:00:00+00:00,2026-02-16 15:00:00+00:00,HEINENOORDTUNNEL,HEINENOORDTUNNEL,98.0,1002193.0,208.0,3000000.0,8.0,0.0,47.0,0.0,0.0,0.0,0.0,
38640,AMI,AMI0231,E,TIEL,ROTTE,2026-02-17 12:00:00+00:00,2026-02-18 12:00:00+00:00,HEINENOORDTUNNEL,HEINENOORDTUNNEL,70.0,405914.0,208.0,3000000.0,2.0,0.0,52.0,0.0,0.0,0.0,0.0,39.0
38640,AMI,AMI0231,E,TIEL,ROTTE,2026-02-17 12:00:00+00:00,2026-02-18 12:00:00+00:00,HEINENOORDTUNNEL,HEINENOORDTUNNEL,0.0,0.0,208.0,3000000.0,2.0,0.0,52.0,0.0,0.0,0.0,0.0,39.0
38640,AMI,AMI0232,I,ROTTE,OSS,2026-02-18 10:00:00+00:00,2026-02-19 15:00:00+00:00,HEINENOORDTUNNEL,HEINENOORDTUNNEL,176.0,1180834.0,208.0,3000000.0,4.0,0.0,86.0,0.0,0.0,0.0,0.0,
38640,AMI,AMI0232,I,ROTTE,OSS,2026-02-18 10:00:00+00:00,2026-02-19 15:00:00+00:00,HEINENOORDTUNNEL,HEINENOORDTUNNEL,97.0,635981.0,208.0,3000000.0,4.0,0.0,86.0,0.0,0.0,0.0,0.0,
38640,AMI,AMI0232,I,ROTTE,OSS,2026-02-18 10:00:00+00:00,2026-02-19 15:00:00+00:00,HEINENOORDTUNNEL,HEINENOORDTUNNEL,81.0,541331.0,208.0,3000000.0,4.0,0.0,86.0,0.0,0.0,0.0,0.0,
38780,AMI,AMI0233,E,TIEL,ROTTE,2026-02-18 16:00:00+00:00,2026-02-21 12:00:00+00:00,HEINENOORDTUNNEL,HEINENOORDTUNNEL,28.0,167155.0,208.0,3000000.0,14.0,0.0,71.0,0.0,0.0,0.0,0.0,23.0
38780,AMI,AMI0233,E,TIEL,ROTTE,2026-02-18 16:00:00+00:00,2026-02-21 12:00:00+00:00,HEINENOORDTUNNEL,HEINENOORDTUNNEL,72.0,526960.0,208.0,3000000.0,14.0,0.0,71.0,0.0,0.0,0.0,0.0,23.0
38780,AMI,AMI0233,E,TIEL,ROTTE,2026-02-18 16:00:00+00:00,2026-02-21 12:00:00+00:00,HEINENOORDTUNNEL,HEINENOORDTUNNEL,156.0,1351509.0,208.0,3000000.0,14.0,0.0,71.0,0.0,0.0,0.0,0.0,23.0
38780,AMI,AMI0234,I,ROTTE,TIEL,2026-02-22 08:00:00+00:00,2026-02-22 12:00:00+00:00,HEINENOORDTUNNEL,HEINENOORDTUNNEL,133.0,885870.0,208.0,3000000.0,9.0,0.0,58.0,0.0,0.0,0.0,27.0,
38920,AMI,AMI0235,I,ROTTE,VEGHE,2026-02-25 20:00:00+00:00,2026-02-27 10:00:00+00:00,HEINENOORDTUNNEL,HEINENOORDTUNNEL,0.0,0.0,208.0,3000000.0,5.0,0.0,58.0,0.0,0.0,0.0,0.0,
38880,AMO,AMO0001,E,OSS,ROTTE,2026-02-20 10:00:00+00:00,2026-02-20 17:00:00+00:00,HEINENOORDTUNNEL,HEINENOORDTUNNEL,0.0,0.0,72.0,1000000.0,0.0,0.0,36.0,0.0,0.0,0.0,36.0,
38061,ANT,ANT0760,E,VEGHE,ROTTE,2026-01-29 22:00:00+00:00,2026-02-02 09:00:00+00:00,HEINENOORDTUNNEL,HEINENOORDTUNNEL,37.0,152909.0,156.0,3000000.0,2.0,0.0,70.0,0.0,0.0,0.0,0.0,
38061,ANT,ANT0760,E,VEGHE,ROTTE,2026-01-29 22:00:00+00:00,2026-02-02 09:00:00+00:00,HEINENOORDTUNNEL,HEINENOORDTUNNEL,142.0,357909.0,156.0,3000000.0,2.0,0.0,70.0,0.0,0.0,0.0,0.0,
38061,ANT,ANT0761,I,ROTTE,VEGHE,2026-02-03 08:00:00+00:00,2026-02-03 11:00:00+00:00,HEINENOORDTUNNEL,HEINENOORDTUNNEL,116.0,265400.0,156.0,3000000.0,32.0,0.0,41.0,0.0,0.0,0.0,0.0,
38220,ANT,ANT0762,E,VEGHE,ROTTE,2026-02-03 16:00:00+00:00,2026-02-04 11:00:00+00:00,HEINENOORDTUNNEL,HEINENOORDTUNNEL,108.0,773670.0,156.0,3000000.0,12.0,0.0,48.0,0.0,0.0,0.0,0.0,
38220,ANT,ANT0763,I,ROTTE,VEGHE,2026-02-05 01:00:00+00:00,2026-02-05 11:00:00+00:00,HEINENOORDTUNNEL,HEINENOORDTUNNEL,106.0,886084.0,156.0,3000000.0,10.0,0.0,48.0,0.0,0.0,0.0,0.0,
38122,ANT,ANT0764,E,VEGHE,ROTTE,2026-02-05 22:00:00+00:00,2026-02-09 09:00:00+00:00,HEINENOORDTUNNEL,HEINENOORDTUNNEL,101.0,307624.0,156.0,3000000.0,1.0,0.0,68.0,0.0,0.0,0.0,0.0,
38122,ANT,ANT0764,E,VEGHE,ROTTE,2026-02-05 22:00:00+00:00,2026-02-09 09:00:00+00:00,HEINENOORDTUNNEL,HEINENOORDTUNNEL,150.0,403374.0,156.0,3000000.0,1.0,0.0,68.0,0.0,0.0,0.0,0.0,
38122,ANT,ANT0765,I,ROTTE,VEGHE,2026-02-10 08:00:00+00:00,2026-02-10 12:00:00+00:00,HEINENOORDTUNNEL,HEINENOORDTUNNEL,116.0,258650.0,156.0,3000000.0,38.0,0.0,39.0,0.0,0.0,0.0,0.0,
38523,ANT,ANT0768,E,VEGHE,ROTTE,2026-02-13 10:00:00+00:00,2026-02-16 10:00:00+00:00,HEINENOORDTUNNEL,HEINENOORDTUNNEL,96.0,187750.0,156.0,3000000.0,4.0,0.0,46.0,0.0,0.0,0.0,0.0,13.0
38523,ANT,ANT0768,E,VEGHE,ROTTE,2026-02-13 10:00:00+00:00,2026-02-16 10:00:00+00:00,HEINENOORDTUNNEL,HEINENOORDTUNNEL,47.0,92050.0,156.0,3000000.0,4.0,0.0,46.0,0.0,0.0,0.0,0.0,13.0
38523,ANT,ANT0768,E,VEGHE,ROTTE,2026-02-13 10:00:00+00:00,2026-02-16 10:00:00+00:00,HEINENOORDTUNNEL,HEINENOORDTUNNEL,64.0,125450.0,156.0,3000000.0,4.0,0.0,46.0,0.0,0.0,0.0,0.0,13.0
38523,ANT,ANT0769,I,ROTTE,VEGHE,2026-02-17 06:00:00+00:00,2026-02-17 16:00:00+00:00,HEINENOORDTUNNEL,HEINENOORDTUNNEL,108.0,251075.0,156.0,3000000.0,24.0,0.0,42.0,0.0,0.0,0.0,0.0,
38560,ANT,ANT0770,E,VEGHE,ROTTE,2026-02-17 16:00:00+00:00,2026-02-18 00:00:00+00:00,HEINENOORDTUNNEL,HEINENOORDTUNNEL,0.0,0.0,156.0,3000000.0,1.0,0.0,48.0,0.0,0.0,0.0,0.0,
38560,ANT,ALF1980,E,VEGHE,ROTTE,2026-02-18 10:00:00+00:00,2026-02-18 22:00:00+00:00,HEINENOORDTUNNEL,HEINENOORDTUNNEL,78.75,945557.0,90.0,1500000.0,0.0,0.0,9.0,27.0,0.0,0.0,0.0,
38560,ANT,ANT0771,I,ROTTE,VEGHE,2026-02-18 22:00:00+00:00,2026-02-19 15:30:00+00:00,HEINENOORDTUNNEL,HEINENOORDTUNNEL,152.0,345616.0,156.0,3000000.0,8.0,0.0,72.0,0.0,0.0,0.0,0.0,
38560,ANT,ANT0771,I,ROTTE,VEGHE,2026-02-18 22:00:00+00:00,2026-02-19 15:30:00+00:00,HEINENOORDTUNNEL,HEINENOORDTUNNEL,8.0,64816.0,156.0,3000000.0,8.0,0.0,72.0,0.0,0.0,0.0,0.0,
38560,ANT,ALF1981,I,ROTTE,VEGHE,2026-02-19 12:00:00+00:00,2026-02-20 05:00:00+00:00,HEINENOORDTUNNEL,HEINENOORDTUNNEL,78.75,569500.0,90.0,1500000.0,0.0,0.0,0.0,36.0,0.0,0.0,0.0,
38580,ANT,ANT0772,E,VEGHE,ROTTE,2026-02-20 12:00:00+00:00,2026-02-23 10:00:00+00:00,HEINENOORDTUNNEL,HEINENOORDTUNNEL,150.0,713249.0,156.0,3000000.0,8.0,0.0,56.0,0.0,0.0,0.0,72.0,42.0
38580,ANT,ANT0772,E,VEGHE,ROTTE,2026-02-20 12:00:00+00:00,2026-02-23 10:00:00+00:00,HEINENOORDTUNNEL,HEINENOORDTUNNEL,40.0,444104.0,156.0,3000000.0,8.0,0.0,56.0,0.0,0.0,0.0,72.0,42.0
38981,ANT,ANT0774,E,VEGHE,ROTTE,2026-02-24 00:00:00+00:00,2026-02-25 00:00:00+00:00,HEINENOORDTUNNEL,HEINENOORDTUNNEL,0.0,0.0,156.0,3000000.0,9.0,0.0,34.0,0.0,0.0,0.0,16.0,3.0
38580,ANT,ANT0773,I,ROTTE,VEGHE,2026-02-24 06:00:00+00:00,2026-02-24 14:00:00+00:00,HEINENOORDTUNNEL,HEINENOORDTUNNEL,0.0,0.0,156.0,3000000.0,0.0,0.0,45.0,0.0,0.0,0.0,48.0,
38981,ANT,ANT0775,I,ROTTE,VEGHE,2026-02-26 00:00:00+00:00,2026-02-27 00:00:00+00:00,HEINENOORDTUNNEL,HEINENOORDTUNNEL,0.0,0.0,156.0,3000000.0,6.0,0.0,41.0,0.0,0.0,0.0,1.0,
38201,DEC,DEC0072,E,VEGHE,ROTTE,2026-02-03 14:00:00+00:00,2026-02-04 10:00:00+00:00,HEINENOORDTUNNEL,HEINENOORDTUNNEL,76.0,968255.0,81.0,1630000.0,0.0,0.0,2.0,32.0,0.0,0.0,0.0,
38201,DEC,DEC0073,I,ROTTE,VEGHE,2026-02-04 18:00:00+00:00,2026-02-05 07:30:00+00:00,HEINENOORDTUNNEL,HEINENOORDTUNNEL,62.0,142700.0,81.0,1630000.0,26.0,0.0,18.0,0.0,0.0,0.0,0.0,
38222,DEC,DEC0074,E,VEGHE,ROTTE,2026-02-05 14:00:00+00:00,2026-02-06 10:00:00+00:00,HEINENOORDTUNNEL,HEINENOORDTUNNEL,78.0,727835.0,81.0,1630000.0,6.0,0.0,36.0,0.0,0.0,0.0,0.0,5.0
38222,DEC,DEC0075,I,ROTTE,VEGHE,2026-02-06 16:00:00+00:00,2026-02-07 10:00:00+00:00,HEINENOORDTUNNEL,HEINENOORDTUNNEL,18.0,36850.0,81.0,1630000.0,8.0,0.0,5.0,0.0,0.0,0.0,0.0,
38401,DEC,DEC0076,E,VEGHE,ROTTE,2026-02-07 14:00:00+00:00,2026-02-09 17:00:00+00:00,HEINENOORDTUNNEL,HEINENOORDTUNNEL,80.0,1216074.0,81.0,1630000.0,37.0,0.0,22.0,0.0,0.0,0.0,0.0,1.0
38401,DEC,DEC0077,I,ROTTE,VEGHE,2026-02-10 06:00:00+00:00,2026-02-10 16:00:00+00:00,HEINENOORDTUNNEL,HEINENOORDTUNNEL,66.0,147650.0,81.0,1630000.0,52.0,0.0,7.0,0.0,0.0,0.0,0.0,
38500,DEC,DEC0078,E,VEGHE,ROTTE,2026-02-10 22:00:00+00:00,2026-02-11 15:00:00+00:00,HEINENOORDTUNNEL,HEINENOORDTUNNEL,80.75,932393.0,81.0,1630000.0,0.0,0.0,1.0,35.0,0.0,0.0,0.0,1.0
38500,DEC,DEC0079,I,ROTTE,VEGHE,2026-02-12 06:00:00+00:00,2026-02-12 18:00:00+00:00,HEINENOORDTUNNEL,HEINENOORDTUNNEL,54.0,127800.0,81.0,1630000.0,0.0,0.0,0.0,24.0,0.0,0.0,0.0,
38522,DEC,DEC0080,E,VEGHE,ROTTE,2026-02-12 22:00:00+00:00,2026-02-13 15:00:00+00:00,HEINENOORDTUNNEL,HEINENOORDTUNNEL,72.0,768376.0,81.0,1630000.0,4.0,0.0,34.0,0.0,0.0,0.0,37.0,9.0
38160,FRS,FRS0860,E,OSS,ROTTE,2026-02-02 20:00:00+00:00,2026-02-03 22:00:00+00:00,HEINENOORDTUNNEL,HEINENOORDTUNNEL,118.0,1249165.0,156.0,3000000.0,20.0,0.0,49.0,0.0,0.0,0.0,0.0,
38160,FRS,FRS0860,E,OSS,ROTTE,2026-02-02 20:00:00+00:00,2026-02-03 22:00:00+00:00,HEINENOORDTUNNEL,HEINENOORDTUNNEL,42.0,291720.0,156.0,3000000.0,20.0,0.0,49.0,0.0,0.0,0.0,0.0,
38160,FRS,FRS0861,I,ROTTE,OSS,2026-02-04 12:00:00+00:00,2026-02-05 05:00:00+00:00,HEINENOORDTUNNEL,HEINENOORDTUNNEL,189.0,1142293.0,156.0,3000000.0,9.0,0.0,90.0,0.0,0.0,0.0,0.0,
38160,FRS,FRS0861,I,ROTTE,OSS,2026-02-04 12:00:00+00:00,2026-02-05 05:00:00+00:00,HEINENOORDTUNNEL,HEINENOORDTUNNEL,112.0,598443.0,156.0,3000000.0,9.0,0.0,90.0,0.0,0.0,0.0,0.0,
38280,FRS,FRS0862,E,TIEL,ROTTE,2026-02-05 10:00:00+00:00,2026-02-06 05:00:00+00:00,HEINENOORDTUNNEL,HEINENOORDTUNNEL,60.0,783616.0,156.0,3000000.0,6.0,0.0,72.0,0.0,0.0,0.0,0.0,
38280,FRS,FRS0862,E,TIEL,ROTTE,2026-02-05 10:00:00+00:00,2026-02-06 05:00:00+00:00,HEINENOORDTUNNEL,HEINENOORDTUNNEL,0.0,0.0,156.0,3000000.0,6.0,0.0,72.0,0.0,0.0,0.0,0.0,
38280,FRS,FRS0863,I,ROTTE,OSS,2026-02-06 17:00:00+00:00,2026-02-07 14:00:00+00:00,HEINENOORDTUNNEL,HEINENOORDTUNNEL,147.0,551800.0,156.0,3000000.0,3.0,0.0,72.0,0.0,0.0,0.0,0.0,
38280,FRS,FRS0863,I,ROTTE,OSS,2026-02-06 17:00:00+00:00,2026-02-07 14:00:00+00:00,HEINENOORDTUNNEL,HEINENOORDTUNNEL,0.0,0.0,156.0,3000000.0,3.0,0.0,72.0,0.0,0.0,0.0,0.0,
38300,FRS,FRS0864,E,KAT,ROTTE,2026-02-07 10:00:00+00:00,2026-02-08 12:00:00+00:00,HEINENOORDTUNNEL,HEINENOORDTUNNEL,38.0,399234.0,156.0,3000000.0,2.0,0.0,72.0,0.0,0.0,0.0,0.0,
38300,FRS,FRS0864,E,KAT,ROTTE,2026-02-07 10:00:00+00:00,2026-02-08 12:00:00+00:00,HEINENOORDTUNNEL,HEINENOORDTUNNEL,138.0,935876.0,156.0,3000000.0,2.0,0.0,72.0,0.0,0.0,0.0,0.0,
38300,FRS,FRS0865,I,ROTTE,TIEL,2026-02-09 02:00:00+00:00,2026-02-10 05:00:00+00:00,HEINENOORDTUNNEL,HEINENOORDTUNNEL,150.0,1152788.0,156.0,3000000.0,5.0,0.0,72.0,0.0,0.0,0.0,0.0,
38300,FRS,FRS0865,I,ROTTE,TIEL,2026-02-09 02:00:00+00:00,2026-02-10 05:00:00+00:00,HEINENOORDTUNNEL,HEINENOORDTUNNEL,15.0,89885.0,156.0,3000000.0,5.0,0.0,72.0,0.0,0.0,0.0,0.0,
38301,FRS,FRS0866,E,OSS,ROTTE,2026-02-09 18:00:00+00:00,2026-02-10 20:00:00+00:00,HEINENOORDTUNNEL,HEINENOORDTUNNEL,86.0,363351.0,156.0,3000000.0,0.0,0.0,71.0,0.0,0.0,0.0,0.0,1.0
38301,FRS,FRS0866,E,OSS,ROTTE,2026-02-09 18:00:00+00:00,2026-02-10 20:00:00+00:00,HEINENOORDTUNNEL,HEINENOORDTUNNEL,144.0,954231.0,156.0,3000000.0,0.0,0.0,71.0,0.0,0.0,0.0,0.0,1.0
38301,FRS,FRS0867,I,ROTTE,TIEL,2026-02-11 08:00:00+00:00,2026-02-12 05:00:00+00:00,HEINENOORDTUNNEL,HEINENOORDTUNNEL,146.0,483895.0,156.0,3000000.0,2.0,0.0,72.0,0.0,0.0,0.0,0.0,
38301,FRS,FRS0867,I,ROTTE,TIEL,2026-02-11 08:00:00+00:00,2026-02-12 05:00:00+00:00,HEINENOORDTUNNEL,HEINENOORDTUNNEL,31.0,173696.0,156.0,3000000.0,2.0,0.0,72.0,0.0,0.0,0.0,0.0,
38541,FRS,FRS0868,E,KAT,ROTTE,2026-02-11 18:00:00+00:00,2026-02-12 22:00:00+00:00,HEINENOORDTUNNEL,HEINENOORDTUNNEL,86.0,976155.0,156.0,3000000.0,7.0,0.0,70.0,0.0,0.0,0.0,0.0,3.0
38541,FRS,FRS0868,E,KAT,ROTTE,2026-02-11 18:00:00+00:00,2026-02-12 22:00:00+00:00,HEINENOORDTUNNEL,HEINENOORDTUNNEL,150.0,1212466.0,156.0,3000000.0,7.0,0.0,70.0,0.0,0.0,0.0,0.0,3.0
38541,FRS,FRS0869,I,ROTTE,TIEL,2026-02-13 12:00:00+00:00,2026-02-14 16:00:00+00:00,HEINENOORDTUNNEL,HEINENOORDTUNNEL,156.0,882468.0,156.0,3000000.0,20.0,0.0,67.0,0.0,0.0,0.0,0.0,
38541,FRS,FRS0869,I,ROTTE,TIEL,2026-02-13 12:00:00+00:00,2026-02-14 16:00:00+00:00,HEINENOORDTUNNEL,HEINENOORDTUNNEL,44.0,618416.0,156.0,3000000.0,20.0,0.0,67.0,0.0,0.0,0.0,0.0,
38543,FRS,FRS0870,E,OSS,ROTTE,2026-02-14 10:00:00+00:00,2026-02-15 16:00:00+00:00,HEINENOORDTUNNEL,HEINENOORDTUNNEL,78.0,152050.0,156.0,3000000.0,0.0,0.0,51.0,0.0,0.0,0.0,0.0,4.0
38543,FRS,FRS0870,E,OSS,ROTTE,2026-02-14 10:00:00+00:00,2026-02-15 16:00:00+00:00,HEINENOORDTUNNEL,HEINENOORDTUNNEL,0.0,0.0,156.0,3000000.0,0.0,0.0,51.0,0.0,0.0,0.0,0.0,4.0
38543,FRS,FRS0871,I,ROTTE,OSS,2026-02-16 05:00:00+00:00,2026-02-16 15:00:00+00:00,HEINENOORDTUNNEL,HEINENOORDTUNNEL,145.0,831403.0,156.0,3000000.0,1.0,0.0,72.0,0.0,0.0,0.0,0.0,
38543,FRS,FRS0871,I,ROTTE,OSS,2026-02-16 05:00:00+00:00,2026-02-16 15:00:00+00:00,HEINENOORDTUNNEL,HEINENOORDTUNNEL,26.0,161388.0,156.0,3000000.0,1.0,0.0,72.0,0.0,0.0,0.0,0.0,
38681,FRS,FRS0872,E,KAT,ROTTE,2026-02-16 20:00:00+00:00,2026-02-17 23:00:00+00:00,BRIENENOORDBRUG,HEINENOORDTUNNEL,105.0,1009747.0,156.0,3000000.0,3.0,0.0,91.0,0.0,0.0,0.0,0.0,2.0
38681,FRS,FRS0872,E,KAT,ROTTE,2026-02-16 20:00:00+00:00,2026-02-17 23:00:00+00:00,BRIENENOORDBRUG,HEINENOORDTUNNEL,192.0,1812161.0,156.0,3000000.0,3.0,0.0,91.0,0.0,0.0,0.0,0.0,2.0
38681,FRS,FRS0872,E,KAT,ROTTE,2026-02-16 20:00:00+00:00,2026-02-17 23:00:00+00:00,BRIENENOORDBRUG,HEINENOORDTUNNEL,139.0,1315622.0,156.0,3000000.0,3.0,0.0,91.0,0.0,0.0,0.0,0.0,2.0
38681,FRS,FRS0873,I,ROTTE,TIEL,2026-02-18 12:00:00+00:00,2026-02-19 14:00:00+00:00,BRIENENOORDBRUG,HEINENOORDTUNNEL,152.0,1211204.0,156.0,3000000.0,8.0,0.0,72.0,0.0,0.0,0.0,0.0,
38681,FRS,FRS0873,I,ROTTE,TIEL,2026-02-18 12:00:00+00:00,2026-02-19 14:00:00+00:00,BRIENENOORDBRUG,HEINENOORDTUNNEL,4.0,56628.0,156.0,3000000.0,8.0,0.0,72.0,0.0,0.0,0.0,0.0,
38840,FRS,FRS0876,E,TIEL,ROTTE,2026-02-21 10:00:00+00:00,2026-02-22 05:00:00+00:00,HEINENOORDTUNNEL,HEINENOORDTUNNEL,47.0,439836.0,156.0,3000000.0,5.0,0.0,72.0,0.0,0.0,0.0,0.0,19.0
38840,FRS,FRS0876,E,TIEL,ROTTE,2026-02-21 10:00:00+00:00,2026-02-22 05:00:00+00:00,HEINENOORDTUNNEL,HEINENOORDTUNNEL,73.0,635191.0,156.0,3000000.0,5.0,0.0,72.0,0.0,0.0,0.0,0.0,19.0
38840,FRS,FRS0876,E,TIEL,ROTTE,2026-02-21 10:00:00+00:00,2026-02-22 05:00:00+00:00,HEINENOORDTUNNEL,HEINENOORDTUNNEL,139.0,1166309.0,156.0,3000000.0,5.0,0.0,72.0,0.0,0.0,0.0,0.0,19.0
38840,FRS,FRS0877,I,ROTTE,OSS,2026-02-23 05:00:00+00:00,2026-02-23 15:00:00+00:00,HEINENOORDTUNNEL,HEINENOORDTUNNEL,0.0,0.0,156.0,3000000.0,3.0,0.0,72.0,0.0,0.0,0.0,0.0,
38961,FRS,FRS0878,E,OSS,ROTTE,2026-02-23 18:00:00+00:00,2026-02-24 23:00:00+00:00,HEINENOORDTUNNEL,HEINENOORDTUNNEL,0.0,0.0,156.0,3000000.0,0.0,0.0,62.0,0.0,0.0,0.0,0.0,
38961,FRS,FRS0879,I,ROTTE,KAT,2026-02-25 08:00:00+00:00,2026-02-26 05:00:00+00:00,HEINENOORDTUNNEL,HEINENOORDTUNNEL,0.0,0.0,156.0,3000000.0,6.0,0.0,72.0,0.0,0.0,0.0,0.0,
38701,LEE,LEE0057,I,ROTTE,VEGHE,2026-02-17 08:00:00+00:00,2026-02-17 18:00:00+00:00,HEINENOORDTUNNEL,HEINENOORDTUNNEL,0.0,0.0,90.0,1728000.0,40.0,0.0,3.0,0.0,0.0,0.0,0.0,
38900,LEE,LEE0060,E,VEGHE,ROTTE,2026-02-19 22:00:00+00:00,2026-02-20 14:00:00+00:00,HEINENOORDTUNNEL,HEINENOORDTUNNEL,20.0,114504.0,90.0,1728000.0,4.0,0.0,38.0,0.0,0.0,0.0,0.0,33.0
38900,LEE,LEE0060,E,VEGHE,ROTTE,2026-02-19 22:00:00+00:00,2026-02-20 14:00:00+00:00,HEINENOORDTUNNEL,HEINENOORDTUNNEL,80.0,231504.0,90.0,1728000.0,4.0,0.0,38.0,0.0,0.0,0.0,0.0,33.0
38900,LEE,LEE0061,I,ROTTE,VEGHE,2026-02-24 06:00:00+00:00,2026-02-25 05:00:00+00:00,HEINENOORDTUNNEL,HEINENOORDTUNNEL,60.0,137150.0,90.0,1728000.0,12.0,0.0,24.0,0.0,0.0,0.0,0.0,
39021,LEE,LEE0062,E,VEGHE,ROTTE,2026-02-25 10:00:00+00:00,2026-02-25 22:00:00+00:00,HEINENOORDTUNNEL,HEINENOORDTUNNEL,0.0,0.0,90.0,1728000.0,0.0,0.0,30.0,0.0,0.0,0.0,0.0,
39021,LEE,LEE0063,I,ROTTE,VEGHE,2026-02-26 22:00:00+00:00,2026-02-27 17:00:00+00:00,HEINENOORDTUNNEL,HEINENOORDTUNNEL,0.0,0.0,90.0,1728000.0,6.0,0.0,27.0,0.0,0.0,0.0,0.0,
38762,LEH,LEH0043,E,TIEL,ROTTE,2026-02-18 11:00:00+00:00,2026-02-18 19:00:00+00:00,BRIENENOORDBRUG,BRIENENOORDBRUG,78.0,152100.0,90.0,2000000.0,0.0,0.0,39.0,0.0,0.0,0.0,0.0,1.0
38140,LRD,LRD0212,E,OSS,ROTTE,2026-01-30 08:00:00+00:00,2026-02-02 08:00:00+00:00,HEINENOORDTUNNEL,HEINENOORDTUNNEL,3.0,82220.0,105.0,2250000.0,40.0,0.0,11.0,0.0,0.0,0.0,0.0,
38140,LRD,LRD0212,E,OSS,ROTTE,2026-01-30 08:00:00+00:00,2026-02-02 08:00:00+00:00,HEINENOORDTUNNEL,HEINENOORDTUNNEL,62.0,1393182.0,105.0,2250000.0,40.0,0.0,11.0,0.0,0.0,0.0,0.0,
38140,LRD,LRD0213,I,ROTTE,VEGHE,2026-02-03 06:00:00+00:00,2026-02-04 10:00:00+00:00,HEINENOORDTUNNEL,HEINENOORDTUNNEL,100.0,1301962.0,105.0,2250000.0,6.0,0.0,47.0,0.0,0.0,0.0,0.0,
38140,LRD,LRD0213,I,ROTTE,VEGHE,2026-02-03 06:00:00+00:00,2026-02-04 10:00:00+00:00,HEINENOORDTUNNEL,HEINENOORDTUNNEL,70.0,1053290.0,105.0,2250000.0,6.0,0.0,47.0,0.0,0.0,0.0,0.0,
38202,LRD,LRD0214,E,VEGHE,ROTTE,2026-02-04 14:00:00+00:00,2026-02-05 22:00:00+00:00,HEINENOORDTUNNEL,HEINENOORDTUNNEL,39.0,841950.0,105.0,2250000.0,44.0,0.0,19.0,0.0,0.0,0.0,0.0,
38202,LRD,LRD0214,E,VEGHE,ROTTE,2026-02-04 14:00:00+00:00,2026-02-05 22:00:00+00:00,HEINENOORDTUNNEL,HEINENOORDTUNNEL,82.0,1714540.0,105.0,2250000.0,44.0,0.0,19.0,0.0,0.0,0.0,0.0,
38202,LRD,LRD0215,I,ROTTE,VEGHE,2026-02-06 06:00:00+00:00,2026-02-06 16:00:00+00:00,HEINENOORDTUNNEL,HEINENOORDTUNNEL,70.0,972517.0,105.0,2250000.0,2.0,0.0,34.0,0.0,2.0,0.0,34.0,
38281,LRD,LRD0216,E,VEGHE,ROTTE,2026-02-06 22:00:00+00:00,2026-02-07 18:00:00+00:00,HEINENOORDTUNNEL,HEINENOORDTUNNEL,75.0,465526.0,105.0,2250000.0,1.0,0.0,31.0,0.0,1.0,0.0,32.0,
38281,LRD,LRD0217,I,ROTTE,KAT,2026-02-08 12:00:00+00:00,2026-02-09 16:00:00+00:00,HEINENOORDTUNNEL,HEINENOORDTUNNEL,10.0,122006.0,105.0,2250000.0,12.0,0.0,14.0,0.0,0.0,0.0,0.0,
38281,LRD,LRD0217,I,ROTTE,KAT,2026-02-08 12:00:00+00:00,2026-02-09 16:00:00+00:00,HEINENOORDTUNNEL,HEINENOORDTUNNEL,40.0,614606.0,105.0,2250000.0,12.0,0.0,14.0,0.0,0.0,0.0,0.0,
38441,LRD,LRD0218,E,OSS,ROTTE,2026-02-09 13:00:00+00:00,2026-02-10 14:00:00+00:00,BRIENENOORDBRUG,HEINENOORDTUNNEL,90.0,697118.0,105.0,2250000.0,8.0,0.0,41.0,0.0,8.0,0.0,14.0,4.0
38441,LRD,LRD0218,E,OSS,ROTTE,2026-02-09 13:00:00+00:00,2026-02-10 14:00:00+00:00,BRIENENOORDBRUG,HEINENOORDTUNNEL,8.0,15600.0,105.0,2250000.0,8.0,0.0,41.0,0.0,8.0,0.0,14.0,4.0
38441,LRD,LRD0219,I,ROTTE,VEGHE,2026-02-10 22:00:00+00:00,2026-02-11 14:00:00+00:00,BRIENENOORDBRUG,HEINENOORDTUNNEL,70.0,1055704.0,105.0,2250000.0,8.0,0.0,31.0,0.0,0.0,0.0,0.0,
38481,LRD,LRD0220,E,VEGHE,ROTTE,2026-02-11 16:00:00+00:00,2026-02-12 10:00:00+00:00,HEINENOORDTUNNEL,HEINENOORDTUNNEL,69.0,217996.0,105.0,2250000.0,1.0,0.0,34.0,0.0,1.0,0.0,34.0,3.0
38481,LRD,LRD0221,I,ROTTE,TIEL,2026-02-12 17:00:00+00:00,2026-02-13 10:00:00+00:00,HEINENOORDTUNNEL,HEINENOORDTUNNEL,86.0,1079908.0,105.0,2250000.0,0.0,0.0,43.0,0.0,0.0,0.0,0.0,
38641,LRD,LRD0222,E,TIEL,ROTTE,2026-02-13 12:00:00+00:00,2026-02-16 15:00:00+00:00,HEINENOORDTUNNEL,HEINENOORDTUNNEL,12.0,23350.0,105.0,2250000.0,16.0,0.0,27.0,0.0,0.0,0.0,0.0,4.0
38641,LRD,LRD0222,E,TIEL,ROTTE,2026-02-13 12:00:00+00:00,2026-02-16 15:00:00+00:00,HEINENOORDTUNNEL,HEINENOORDTUNNEL,46.0,458581.0,105.0,2250000.0,16.0,0.0,27.0,0.0,0.0,0.0,0.0,4.0
38641,LRD,LRD0223,I,ROTTE,VEGHE,2026-02-16 20:00:00+00:00,2026-02-17 15:00:00+00:00,HEINENOORDTUNNEL,HEINENOORDTUNNEL,68.0,1030591.0,105.0,2250000.0,2.0,0.0,33.0,0.0,0.0,0.0,0.0,
38740,LRD,LRD0224,E,VEGHE,ROTTE,2026-02-17 20:00:00+00:00,2026-02-18 15:00:00+00:00,HEINENOORDTUNNEL,HEINENOORDTUNNEL,86.0,1379280.0,105.0,2250000.0,18.0,0.0,43.0,0.0,0.0,0.0,0.0,7.0
38740,LRD,LRD0225,I,ROTTE,TIEL,2026-02-19 06:00:00+00:00,2026-02-20 13:00:00+00:00,HEINENOORDTUNNEL,HEINENOORDTUNNEL,71.0,1084027.0,105.0,2250000.0,5.0,0.0,33.0,0.0,0.0,0.0,0.0,
38740,LRD,LRD0225,I,ROTTE,TIEL,2026-02-19 06:00:00+00:00,2026-02-20 13:00:00+00:00,HEINENOORDTUNNEL,HEINENOORDTUNNEL,3.0,40067.0,105.0,2250000.0,5.0,0.0,33.0,0.0,0.0,0.0,0.0,
38740,LRD,LRD0225,I,ROTTE,TIEL,2026-02-19 06:00:00+00:00,2026-02-20 13:00:00+00:00,HEINENOORDTUNNEL,HEINENOORDTUNNEL,3.0,40067.0,105.0,2250000.0,5.0,0.0,33.0,0.0,0.0,0.0,0.0,
38641,LRD,FRS0874,E,OSS,ROTTE,2026-02-19 12:00:00+00:00,2026-02-20 05:00:00+00:00,HEINENOORDTUNNEL,HEINENOORDTUNNEL,181.0,1786640.0,156.0,3000000.0,3.0,0.0,89.0,0.0,0.0,0.0,0.0,
38641,LRD,FRS0874,E,OSS,ROTTE,2026-02-19 12:00:00+00:00,2026-02-20 05:00:00+00:00,HEINENOORDTUNNEL,HEINENOORDTUNNEL,138.0,1291948.0,156.0,3000000.0,3.0,0.0,89.0,0.0,0.0,0.0,0.0,
38800,LRD,LRD0226,E,OSS,ROTTE,2026-02-19 18:00:00+00:00,2026-02-20 22:00:00+00:00,HEINENOORDTUNNEL,HEINENOORDTUNNEL,10.0,120716.0,105.0,2250000.0,31.0,0.0,33.0,0.0,0.0,0.0,0.0,29.0
38800,LRD,LRD0226,E,OSS,ROTTE,2026-02-19 18:00:00+00:00,2026-02-20 22:00:00+00:00,HEINENOORDTUNNEL,HEINENOORDTUNNEL,53.0,1186266.0,105.0,2250000.0,31.0,0.0,33.0,0.0,0.0,0.0,0.0,29.0
38800,LRD,LRD0226,E,OSS,ROTTE,2026-02-19 18:00:00+00:00,2026-02-20 22:00:00+00:00,HEINENOORDTUNNEL,HEINENOORDTUNNEL,0.0,0.0,105.0,2250000.0,31.0,0.0,33.0,0.0,0.0,0.0,0.0,29.0
38641,LRD,FRS0875,I,ROTTE,KAT,2026-02-20 12:00:00+00:00,2026-02-21 06:00:00+00:00,HEINENOORDTUNNEL,HEINENOORDTUNNEL,159.0,834786.0,156.0,3000000.0,1.0,0.0,96.0,0.0,0.0,0.0,0.0,
38641,LRD,FRS0875,I,ROTTE,KAT,2026-02-20 12:00:00+00:00,2026-02-21 06:00:00+00:00,HEINENOORDTUNNEL,HEINENOORDTUNNEL,0.0,0.0,156.0,3000000.0,1.0,0.0,96.0,0.0,0.0,0.0,0.0,
38800,LRD,LRD0227,I,ROTTE,VEGHE,2026-02-21 12:00:00+00:00,2026-02-22 09:00:00+00:00,HEINENOORDTUNNEL,HEINENOORDTUNNEL,70.0,975369.0,105.0,2250000.0,2.0,0.0,34.0,0.0,0.0,0.0,0.0,
38940,LRD,LRD0228,E,VEGHE,ROTTE,2026-02-22 14:00:00+00:00,2026-02-23 08:00:00+00:00,HEINENOORDTUNNEL,HEINENOORDTUNNEL,69.0,1060796.0,105.0,2250000.0,21.0,0.0,24.0,0.0,0.0,0.0,0.0,10.0
38940,LRD,LRD0229,I,ROTTE,VEGHE,2026-02-24 06:00:00+00:00,2026-02-24 18:00:00+00:00,HEINENOORDTUNNEL,HEINENOORDTUNNEL,69.0,1026395.0,105.0,2250000.0,2.0,0.0,34.0,0.0,0.0,0.0,35.0,
38082,MEY,MEY0156,E,TIEL,ROTTE,2026-02-02 10:00:00+00:00,2026-02-03 10:00:00+00:00,HEINENOORDTUNNEL,HEINENOORDTUNNEL,138.0,1008637.0,156.0,2900000.0,0.0,0.0,69.0,0.0,2.0,0.0,105.0,
38082,MEY,MEY0156,E,TIEL,ROTTE,2026-02-02 10:00:00+00:00,2026-02-03 10:00:00+00:00,HEINENOORDTUNNEL,HEINENOORDTUNNEL,26.0,152140.0,156.0,2900000.0,0.0,0.0,69.0,0.0,2.0,0.0,105.0,
38082,MEY,MEY0157,I,ROTTE,OSS,2026-02-04 12:00:00+00:00,2026-02-05 06:00:00+00:00,HEINENOORDTUNNEL,HEINENOORDTUNNEL,67.5,138000.0,156.0,2900000.0,0.0,0.0,0.0,30.0,0.0,0.0,0.0,
38161,MEY,MEY0160,E,OSS,ROTTE,2026-02-05 10:00:00+00:00,2026-02-08 10:00:00+00:00,HEINENOORDTUNNEL,HEINENOORDTUNNEL,98.0,665792.0,156.0,2900000.0,2.0,0.0,39.0,0.0,0.0,0.0,0.0,
38161,MEY,MEY0160,E,OSS,ROTTE,2026-02-05 10:00:00+00:00,2026-02-08 10:00:00+00:00,HEINENOORDTUNNEL,HEINENOORDTUNNEL,2.0,3900.0,156.0,2900000.0,2.0,0.0,39.0,0.0,0.0,0.0,0.0,
38161,MEY,MEY0160,E,OSS,ROTTE,2026-02-05 10:00:00+00:00,2026-02-08 10:00:00+00:00,HEINENOORDTUNNEL,HEINENOORDTUNNEL,26.0,285176.0,156.0,2900000.0,2.0,0.0,39.0,0.0,0.0,0.0,0.0,
38161,MEY,MEY0161,I,ROTTE,TIEL,2026-02-09 12:00:00+00:00,2026-02-10 15:00:00+00:00,HEINENOORDTUNNEL,HEINENOORDTUNNEL,108.0,771122.0,156.0,2900000.0,18.0,0.0,45.0,0.0,0.0,0.0,0.0,
38161,MEY,MEY0161,I,ROTTE,TIEL,2026-02-09 12:00:00+00:00,2026-02-10 15:00:00+00:00,HEINENOORDTUNNEL,HEINENOORDTUNNEL,53.0,433152.0,156.0,2900000.0,18.0,0.0,45.0,0.0,0.0,0.0,0.0,
38380,MEY,MEY0162,E,KAT,ROTTE,2026-02-10 10:00:00+00:00,2026-02-11 08:00:00+00:00,HEINENOORDTUNNEL,HEINENOORDTUNNEL,32.0,449302.0,156.0,2900000.0,21.0,0.0,46.0,0.0,26.0,0.0,54.0,5.0
38380,MEY,MEY0162,E,KAT,ROTTE,2026-02-10 10:00:00+00:00,2026-02-11 08:00:00+00:00,HEINENOORDTUNNEL,HEINENOORDTUNNEL,117.0,667222.0,156.0,2900000.0,21.0,0.0,46.0,0.0,26.0,0.0,54.0,5.0
38380,MEY,MEY0163,I,ROTTE,TIEL,2026-02-12 08:00:00+00:00,2026-02-13 08:00:00+00:00,HEINENOORDTUNNEL,HEINENOORDTUNNEL,0.0,0.0,156.0,2900000.0,7.0,0.0,18.0,1.0,8.0,0.0,61.0,
38380,MEY,MEY0163,I,ROTTE,TIEL,2026-02-12 08:00:00+00:00,2026-02-13 08:00:00+00:00,HEINENOORDTUNNEL,HEINENOORDTUNNEL,52.25,476915.0,156.0,2900000.0,7.0,0.0,18.0,1.0,8.0,0.0,61.0,
38540,MEY,MEY0164,E,KAT,ROTTE,2026-02-12 20:00:00+00:00,2026-02-14 00:00:00+00:00,HEINENOORDTUNNEL,HEINENOORDTUNNEL,33.0,676388.0,156.0,2900000.0,17.0,0.0,27.0,0.0,39.0,0.0,41.0,2.0
38540,MEY,MEY0164,E,KAT,ROTTE,2026-02-12 20:00:00+00:00,2026-02-14 00:00:00+00:00,HEINENOORDTUNNEL,HEINENOORDTUNNEL,71.0,1080087.0,156.0,2900000.0,17.0,0.0,27.0,0.0,39.0,0.0,41.0,2.0
38540,MEY,MEY0165,I,ROTTE,TIEL,2026-02-15 05:00:00+00:00,2026-02-16 13:00:00+00:00,HEINENOORDTUNNEL,HEINENOORDTUNNEL,66.0,602526.0,156.0,2900000.0,12.0,0.0,70.0,0.0,12.0,0.0,58.0,
38540,MEY,MEY0165,I,ROTTE,TIEL,2026-02-15 05:00:00+00:00,2026-02-16 13:00:00+00:00,HEINENOORDTUNNEL,HEINENOORDTUNNEL,152.0,1546564.0,156.0,2900000.0,12.0,0.0,70.0,0.0,12.0,0.0,58.0,
38544,MEY,MEY0166,E,OSS,ROTTE,2026-02-16 10:00:00+00:00,2026-02-17 10:00:00+00:00,HEINENOORDTUNNEL,HEINENOORDTUNNEL,171.0,769140.0,156.0,2900000.0,1.0,0.0,86.0,0.0,19.0,0.0,55.0,31.0
38544,MEY,MEY0166,E,OSS,ROTTE,2026-02-16 10:00:00+00:00,2026-02-17 10:00:00+00:00,HEINENOORDTUNNEL,HEINENOORDTUNNEL,30.0,116409.0,156.0,2900000.0,1.0,0.0,86.0,0.0,19.0,0.0,55.0,31.0
38544,MEY,MEY0167,I,ROTTE,KAT,2026-02-18 08:00:00+00:00,2026-02-18 19:00:00+00:00,HEINENOORDTUNNEL,HEINENOORDTUNNEL,156.0,800295.0,156.0,2900000.0,18.0,0.0,69.0,0.0,0.0,0.0,0.0,
38720,MEY,MEY0168,E,KAT,ROTTE,2026-02-18 23:00:00+00:00,2026-02-21 10:00:00+00:00,BRIENENOORDBRUG,HEINENOORDTUNNEL,75.25,148700.0,156.0,2900000.0,7.0,0.0,33.0,1.0,0.0,0.0,0.0,12.0
38720,MEY,MEY0169,I,ROTTE,KAT,2026-02-20 20:00:00+00:00,2026-02-21 11:00:00+00:00,BRIENENOORDBRUG,HEINENOORDTUNNEL,0.0,0.0,156.0,2900000.0,35.0,0.0,0.0,0.0,0.0,0.0,0.0,
38720,MEY,MEY0169,I,ROTTE,KAT,2026-02-20 20:00:00+00:00,2026-02-21 11:00:00+00:00,BRIENENOORDBRUG,HEINENOORDTUNNEL,0.0,0.0,156.0,2900000.0,35.0,0.0,0.0,0.0,0.0,0.0,0.0,
38741,MEY,MEY0170,E,KAT,ROTTE,2026-02-21 15:00:00+00:00,2026-02-22 10:00:00+00:00,HEINENOORDTUNNEL,HEINENOORDTUNNEL,138.0,1503348.0,156.0,2900000.0,2.0,0.0,58.0,0.0,0.0,0.0,0.0,
38741,MEY,MEY0171,I,ROTTE,OSS,2026-02-23 08:00:00+00:00,2026-02-24 13:00:00+00:00,HEINENOORDTUNNEL,HEINENOORDTUNNEL,116.0,1137079.0,156.0,2900000.0,0.0,0.0,58.0,0.0,0.0,0.0,0.0,
38741,MEY,MEY0171,I,ROTTE,OSS,2026-02-23 08:00:00+00:00,2026-02-24 13:00:00+00:00,HEINENOORDTUNNEL,HEINENOORDTUNNEL,0.0,0.0,156.0,2900000.0,0.0,0.0,58.0,0.0,0.0,0.0,0.0,
38860,MEY,MEY0172,E,TIEL,ROTTE,2026-02-24 10:00:00+00:00,2026-02-25 10:00:00+00:00,HEINENOORDTUNNEL,HEINENOORDTUNNEL,77.0,190553.0,156.0,2900000.0,9.0,0.0,34.0,0.0,0.0,0.0,60.0,10.0
38860,MEY,MEY0172,E,TIEL,ROTTE,2026-02-24 10:00:00+00:00,2026-02-25 10:00:00+00:00,HEINENOORDTUNNEL,HEINENOORDTUNNEL,1.0,22100.0,156.0,2900000.0,9.0,0.0,34.0,0.0,0.0,0.0,60.0,10.0
38860,MEY,MEY0173,I,ROTTE,OSS,2026-02-26 12:00:00+00:00,2026-02-27 00:00:00+00:00,HEINENOORDTUNNEL,HEINENOORDTUNNEL,0.0,0.0,156.0,2900000.0,3.0,0.0,24.0,0.0,0.0,0.0,60.0,
38162,VIC,VIC2713,E,VEGHE,ROTTE,2026-02-03 10:00:00+00:00,2026-02-03 20:00:00+00:00,HEINENOORDTUNNEL,HEINENOORDTUNNEL,0.0,0.0,104.0,1200000.0,0.0,0.0,54.0,0.0,0.0,0.0,54.0,
38260,VIC,VIC2715,E,VEGHE,ROTTE,2026-02-05 10:00:00+00:00,2026-02-05 20:00:00+00:00,HEINENOORDTUNNEL,HEINENOORDTUNNEL,0.0,0.0,104.0,1200000.0,4.0,0.0,52.0,0.0,0.0,0.0,0.0,
38260,VIC,VIC2716,I,ROTTE,VEGHE,2026-02-06 12:00:00+00:00,2026-02-07 06:00:00+00:00,HEINENOORDTUNNEL,HEINENOORDTUNNEL,0.0,0.0,104.0,1200000.0,0.0,0.0,35.0,0.0,0.0,0.0,0.0,
38340,VIC,VIC2717,E,VEGHE,ROTTE,2026-02-07 10:00:00+00:00,2026-02-08 16:00:00+00:00,HEINENOORDTUNNEL,HEINENOORDTUNNEL,0.0,0.0,104.0,1200000.0,20.0,0.0,44.0,0.0,0.0,0.0,0.0,6.0
38340,VIC,VIC2718,I,ROTTE,VEGHE,2026-02-09 10:00:00+00:00,2026-02-10 05:00:00+00:00,HEINENOORDTUNNEL,HEINENOORDTUNNEL,0.0,0.0,104.0,1200000.0,5.0,0.0,33.0,0.0,0.0,0.0,0.0,
38421,VIC,VIC2719,E,VEGHE,ROTTE,2026-02-10 10:00:00+00:00,2026-02-10 22:00:00+00:00,HEINENOORDTUNNEL,HEINENOORDTUNNEL,0.0,0.0,104.0,1200000.0,20.0,0.0,43.0,0.0,0.0,0.0,0.0,2.0
38421,VIC,VIC2720,I,ROTTE,VEGHE,2026-02-11 12:00:00+00:00,2026-02-12 05:00:00+00:00,HEINENOORDTUNNEL,HEINENOORDTUNNEL,72.0,476246.0,108.0,1200000.0,0.0,0.0,36.0,0.0,0.0,0.0,0.0,
38520,VIC,VIC2721,E,VEGHE,ROTTE,2026-02-12 10:00:00+00:00,2026-02-12 22:00:00+00:00,HEINENOORDTUNNEL,HEINENOORDTUNNEL,55.0,238099.0,108.0,1200000.0,0.0,0.0,27.0,0.0,0.0,0.0,0.0,6.0
38520,VIC,VIC2722,I,ROTTE,VEGHE,2026-02-13 12:00:00+00:00,2026-02-14 06:00:00+00:00,HEINENOORDTUNNEL,HEINENOORDTUNNEL,0.0,0.0,108.0,1200000.0,0.0,0.0,36.0,0.0,0.0,0.0,0.0,
38542,VIC,VIC2723,E,VEGHE,ROTTE,2026-02-14 10:00:00+00:00,2026-02-15 16:00:00+00:00,HEINENOORDTUNNEL,HEINENOORDTUNNEL,0.0,0.0,108.0,1200000.0,28.0,0.0,22.0,0.0,0.0,0.0,0.0,
38542,VIC,VIC2724,I,ROTTE,VEGHE,2026-02-16 08:00:00+00:00,2026-02-17 05:00:00+00:00,HEINENOORDTUNNEL,HEINENOORDTUNNEL,0.0,0.0,108.0,1200000.0,4.0,0.0,34.0,0.0,0.0,0.0,0.0,
38643,VIC,VIC2725,E,VEGHE,ROTTE,2026-02-17 10:00:00+00:00,2026-02-17 20:00:00+00:00,HEINENOORDTUNNEL,HEINENOORDTUNNEL,0.0,0.0,108.0,1200000.0,12.0,0.0,30.0,0.0,0.0,0.0,0.0,
38643,VIC,VIC2726,I,ROTTE,VEGHE,2026-02-18 08:00:00+00:00,2026-02-18 15:00:00+00:00,HEINENOORDTUNNEL,HEINENOORDTUNNEL,48.0,356213.0,108.0,1200000.0,4.0,0.0,22.0,0.0,0.0,0.0,0.0,
38761,VIC,VIC2727,E,VEGHE,ROTTE,2026-02-19 10:00:00+00:00,2026-02-19 22:00:00+00:00,HEINENOORDTUNNEL,HEINENOORDTUNNEL,0.0,0.0,108.0,1200000.0,0.0,0.0,35.0,0.0,0.0,0.0,0.0,4.0
38761,VIC,VIC2728,I,ROTTE,VEGHE,2026-02-20 12:00:00+00:00,2026-02-21 05:00:00+00:00,HEINENOORDTUNNEL,HEINENOORDTUNNEL,0.0,0.0,108.0,1200000.0,4.0,0.0,34.0,0.0,0.0,0.0,0.0,
38801,VIC,VIC2729,E,VEGHE,ROTTE,2026-02-21 10:00:00+00:00,2026-02-22 16:00:00+00:00,HEINENOORDTUNNEL,HEINENOORDTUNNEL,0.0,0.0,108.0,1200000.0,34.0,0.0,35.0,0.0,0.0,0.0,0.0,25.0
38801,VIC,VIC2730,I,ROTTE,VEGHE,2026-02-23 08:00:00+00:00,2026-02-24 05:00:00+00:00,HEINENOORDTUNNEL,HEINENOORDTUNNEL,0.0,0.0,108.0,1200000.0,4.0,0.0,33.0,0.0,0.0,0.0,0.0,
38941,VIC,VIC2731,E,VEGHE,ROTTE,2026-02-24 10:00:00+00:00,2026-02-24 20:00:00+00:00,HEINENOORDTUNNEL,HEINENOORDTUNNEL,0.0,0.0,108.0,1200000.0,12.0,0.0,48.0,0.0,0.0,0.0,0.0,2.0
38941,VIC,VIC2732,I,ROTTE,VEGHE,2026-02-25 08:00:00+00:00,2026-02-26 05:00:00+00:00,HEINENOORDTUNNEL,HEINENOORDTUNNEL,0.0,0.0,108.0,1200000.0,2.0,0.0,22.0,0.0,0.0,0.0,24.0,
